1,-0.35084,0.17881,-0.57417,-0.41408,-0.15218,-0.49795,-0.57011,-0.68968,-0.69926,-0.48829,0.04605,-0.58411,-0.71455,-0.60497,-0.032782,0.66858,-0.69623,-0.67712,0.12556,0.053053,-0.0021538,-0.41044,0.54157,0.88042,0.19443,0.68483,0.50306,0.67899,-0.14743,0.69971,0.86373,0.44107,-0.79586,-0.044045,-0.48269,0.45953,0.65215,-0.65899,-0.31735,-0.048349,0.025208,-0.042765,0.78808,0.45005,0.50711,0.020846,0.086961,0.16079,-0.17936,0.69478,0.21891,-0.47265,-0.61026,-0.17928,-0.15924,-0.57763,-0.23374,0.34486,0.55573,0.65283,-0.30906,-0.51417,-0.6334,-0.42766,-0.85717,-0.47943,0.81801,-0.43436,-0.6904,-0.7114,0.18302,-0.42514,-0.28543,0.74452,0.94018,0.7039,-0.53281,0.035101,0.87157,-0.27126,-0.65557,0.11507,0.76467,0.75241,0.012055,-0.38622,-0.12504,-0.19563,-0.67919,0.59195,0.61213,0.32835,0.6344,0.72761,0.018591,-0.24256,-0.10589,-0.89273,0.26936
-0.35084,1,0.83866,0.83459,-0.093094,0.36536,0.85757,0.86925,0.75425,-0.24815,-0.43812,-0.68916,0.23647,-0.23426,-0.20014,0.63177,-0.37968,0.87869,0.0063054,0.67809,0.75365,-0.53833,-0.43885,0.33131,-0.19489,-0.93478,-0.78829,-0.75805,-0.11868,-0.76361,-0.77399,-0.38401,0.26527,0.65861,-0.54197,0.89926,0.20432,-0.097033,0.40394,0.81791,0.68705,-0.90282,-0.73651,-0.82869,-0.88706,-0.85953,-0.79021,-0.70043,0.55513,-0.0057306,-0.036947,0.61978,0.92283,0.88042,0.692,0.58571,0.80564,0.87755,0.46559,0.010214,-0.61492,-0.63082,-0.51247,-0.23516,0.80936,0.065604,0.38982,-0.049871,0.93718,0.868,0.60832,-0.88579,-0.51868,-0.11081,-0.57449,-0.57815,-0.47392,0.08463,-0.904,-0.58115,0.48132,0.88792,-0.88917,-0.76523,-0.70004,-0.5399,-0.54815,-0.66117,0.35113,0.80732,0.4571,0.15707,0.48891,-0.79408,-0.84738,-0.81465,-0.4064,-0.71378,0.13482,0.57617
0.17881,0.83866,1,0.55976,-0.31329,0.37745,0.55409,0.5922,0.42723,-0.5704,-0.64804,-0.67515,0.056863,-0.5987,-0.51062,0.52963,-0.014291,0.52113,-0.47636,0.86657,0.82222,-0.66437,-0.79833,0.62737,0.32993,-0.87662,-0.39664,-0.47059,0.13506,-0.85519,-0.36301,0.015659,0.42779,0.20926,-0.51608,0.63429,0.55414,0.18553,-0.058774,0.67742,0.66674,-0.94047,-0.72551,-0.4397,-0.67473,-0.56456,-0.89165,-0.76293,0.7208,-0.25196,0.26124,0.69737,0.69721,0.54085,0.52244,0.43283,0.52705,0.72425,0.76891,0.43351,-0.25053,-0.82769,-0.86476,-0.57869,0.64786,-0.34327,0.17598,0.34804,0.77526,0.49149,0.1756,-0.77764,-0.85951,-0.24676,-0.22,-0.051561,-0.10184,-0.072004,-0.90926,-0.15619,0.21852,0.58278,-0.82839,-0.34219,-0.24924,-0.67823,-0.78802,-0.79088,0.22731,0.44732,0.85645,0.59145,0.79277,-0.42789,-0.44077,-0.77781,-0.64888,-0.89146,-0.38373,0.75689
-0.57417,0.83459,0.55976,1,0.37806,0.59798,0.74935,0.92407,0.95443,0.16174,-0.011537,-0.40205,0.47969,0.21921,0.25522,0.26431,-0.63905,0.87638,0.10127,0.34836,0.40282,-0.44586,-0.22252,-0.081732,-0.47396,-0.70326,-0.82447,-0.46154,-0.20178,-0.34266,-0.86564,-0.72693,-0.24408,0.55343,-0.61178,0.92198,-0.11234,-0.56223,0.36077,0.44735,0.36202,-0.75375,-0.7056,-0.8321,-0.93515,-0.68611,-0.62193,-0.55891,0.19927,-0.064453,-0.47981,0.16448,0.93592,0.88124,0.29182,0.16391,0.98205,0.60337,0.072709,-0.20032,-0.39198,-0.20331,-0.1758,0.21999,0.56087,0.44684,0.75269,-0.1347,0.74121,0.78295,0.56475,-0.55592,-0.22851,0.18734,-0.57967,-0.7404,-0.64613,0.42517,-0.76603,-0.86878,0.32697,0.93282,-0.80762,-0.81641,-0.73744,-0.43218,-0.41003,-0.33092,0.12412,0.95342,0.14065,-0.25876,0.21295,-0.90603,-0.87791,-0.71502,-0.34324,-0.5404,0.27849,0.17669
-0.41408,-0.093094,-0.31329,0.37806,1,0.68511,-0.18496,0.083855,0.50841,0.61426,0.63055,0.014295,0.51959,0.77885,0.82346,-0.60997,-0.74756,0.071355,0.1605,-0.43498,-0.60721,-0.19627,0.31212,-0.828,-0.34936,0.059544,-0.35898,0.28915,0.042935,0.49947,-0.17512,-0.64144,-0.84165,-0.040602,-0.26353,0.14769,-0.21531,-0.81036,0.18218,-0.5114,-0.70608,0.14096,-0.043166,-0.15384,-0.20218,-0.069658,0.034377,-0.08539,-0.21809,0.14013,-0.7944,-0.75955,0.29374,0.017505,-0.55447,-0.57902,0.31893,-0.43396,-0.45103,-0.15503,0.12929,0.63687,0.51317,0.82866,-0.3684,0.68009,0.85326,-0.059735,-0.22176,-0.029476,0.0054527,0.24037,0.46388,0.83326,0.15381,-0.32795,-0.64154,0.58409,0.10979,-0.53062,0.022393,0.1954,-0.00039624,-0.35426,-0.36905,-0.060177,-0.022891,0.13481,-0.71154,0.39805,-0.36168,-0.59557,-0.22074,-0.22816,-0.14717,-0.07114,-0.2082,0.090658,0.1694,-0.8022
-0.15218,0.36536,0.37745,0.59798,0.68511,1,-0.037147,0.30483,0.68855,0.2385,0.26002,-0.42371,0.68758,0.34359,0.48056,-0.41595,-0.66581,0.23347,-0.42021,0.30518,-0.094657,-0.79743,-0.41283,-0.36552,0.11782,-0.49683,-0.4753,0.10105,0.038169,-0.010528,-0.19479,-0.56964,-0.57422,-0.076073,-0.50412,0.36167,0.40286,-0.66484,-0.0833,-0.086282,-0.32042,-0.44463,-0.39913,-0.34519,-0.57272,-0.29552,-0.64788,-0.69913,0.44164,-0.2116,-0.62645,-0.35438,0.62118,0.18166,-0.34332,-0.40383,0.48745,-0.10173,0.28273,0.4237,0.067228,0.10075,-0.12409,0.41274,0.019382,0.41271,0.89641,0.19172,0.26697,0.10598,-0.13058,-0.16712,-0.25534,0.70626,0.081208,-0.16199,-0.63607,0.65187,-0.42295,-0.4991,-0.052839,0.44769,-0.46979,-0.43888,-0.34694,-0.68354,-0.61059,-0.46336,-0.64165,0.52717,0.36518,0.064954,0.52522,-0.31664,-0.2415,-0.46328,-0.82049,-0.62495,-0.26122,-0.27102
-0.49795,0.85757,0.55409,0.74935,-0.18496,-0.037147,1,0.8985,0.61686,-0.15825,-0.3917,-0.36348,-0.0064683,-0.1679,-0.21449,0.79232,-0.2508,0.91589,0.38485,0.34029,0.69806,-0.049096,-0.065613,0.31094,-0.53473,-0.64375,-0.70079,-0.78438,-0.18825,-0.61219,-0.90143,-0.34048,0.33249,0.78487,-0.41213,0.88359,-0.27083,-0.012629,0.56864,0.76895,0.78276,-0.69008,-0.62843,-0.78726,-0.74091,-0.74751,-0.3973,-0.27929,0.11223,0.13346,0.049468,0.65514,0.73942,0.96201,0.78979,0.69436,0.79203,0.9347,0.062545,-0.45371,-0.64317,-0.50298,-0.27335,-0.20909,0.7745,0.087247,0.1694,-0.23569,0.80037,0.93192,0.80654,-0.73971,-0.21118,-0.35449,-0.73918,-0.73333,-0.3159,-0.10098,-0.72209,-0.59341,0.54695,0.82032,-0.72463,-0.69979,-0.68623,-0.10525,-0.15621,-0.25392,0.65658,0.75635,0.064144,-0.19401,0.01987,-0.86017,-0.91253,-0.63431,0.10322,-0.30878,0.45389,0.55363
-0.57011,0.86925,0.5922,0.92407,0.083855,0.30483,0.8985,1,0.82051,0.092261,-0.12091,-0.28941,0.34058,0.058834,0.036887,0.50354,-0.42237,0.94662,0.17246,0.3869,0.58594,-0.28514,-0.24533,0.11889,-0.52302,-0.66727,-0.7311,-0.59866,-0.32648,-0.45696,-0.90739,-0.60558,-0.02817,0.67203,-0.4456,0.91444,-0.1969,-0.34787,0.37072,0.63595,0.61345,-0.7661,-0.63105,-0.85959,-0.87907,-0.66476,-0.5758,-0.47811,0.12772,-0.16701,-0.27855,0.39934,0.85144,0.96524,0.48604,0.38805,0.95966,0.76855,0.10985,-0.30184,-0.48177,-0.35429,-0.27473,-0.0021794,0.74916,0.33276,0.47431,-0.2627,0.82692,0.8811,0.66317,-0.60218,-0.30345,-0.16071,-0.7636,-0.7633,-0.45385,0.28035,-0.7619,-0.80437,0.27895,0.95492,-0.77028,-0.74088,-0.66289,-0.36296,-0.24115,-0.25248,0.45111,0.85871,0.12304,-0.19764,0.16221,-0.90759,-0.9245,-0.61269,-0.13512,-0.50165,0.38225,0.41316
-0.68968,0.75425,0.42723,0.95443,0.50841,0.68855,0.61686,0.82051,1,0.33114,0.16815,-0.43099,0.6576,0.41548,0.46012,0.097594,-0.79066,0.82581,0.1509,0.30104,0.22943,-0.51889,-0.13353,-0.27941,-0.50287,-0.67466,-0.88772,-0.4483,-0.30652,-0.20062,-0.81283,-0.85557,-0.38902,0.58457,-0.53016,0.82792,-0.057649,-0.70451,0.42841,0.3936,0.17871,-0.62426,-0.56695,-0.86956,-0.9055,-0.70213,-0.59081,-0.59075,0.26073,-0.0032323,-0.65593,-0.016808,0.90667,0.79114,0.19316,0.081293,0.90183,0.45072,0.057719,-0.15458,-0.45982,-0.028514,0.012888,0.42819,0.49301,0.6266,0.8445,-0.26053,0.69431,0.74067,0.5432,-0.4888,-0.098834,0.40382,-0.56356,-0.78875,-0.80635,0.58375,-0.63434,-0.92321,0.31638,0.90275,-0.70297,-0.89354,-0.81236,-0.47146,-0.35487,-0.33725,-0.032759,0.95667,0.040626,-0.29211,0.21199,-0.85502,-0.84555,-0.61502,-0.38787,-0.49436,0.35808,-0.019074
-0.69926,-0.24815,-0.5704,0.16174,0.61426,0.2385,-0.15825,0.092261,0.33114,1,0.95997,0.43752,0.72143,0.94842,0.8715,-0.56051,-0.54005,0.10087,0.30525,-0.43891,-0.59676,0.038389,0.37195,-0.84479,-0.56856,0.34017,-0.16577,0.18761,-0.66269,0.71362,-0.15506,-0.74889,-0.84587,0.1821,0.31525,-0.11999,-0.38899,-0.7802,0.13128,-0.29641,-0.5013,0.42545,0.4798,-0.28849,-0.023997,0.14613,0.21237,0.070993,-0.39634,-0.21637,-0.85585,-0.74044,-0.02704,0.030567,-0.5038,-0.44062,0.16984,-0.45627,-0.45425,-0.28085,-0.036621,0.78481,0.71115,0.85582,-0.1069,0.91886,0.44492,-0.72191,-0.13302,0.029731,0.042801,0.48624,0.53068,0.43538,-0.33521,-0.4938,-0.48343,0.78496,0.45708,-0.59632,-0.37563,0.18553,0.34541,-0.25116,-0.21348,-0.022116,0.56678,0.47385,-0.21166,0.17358,-0.66728,-0.56299,-0.36991,-0.13434,-0.1488,0.50381,0.17181,0.25788,0.58123,-0.67652
-0.48829,-0.43812,-0.64804,-0.011537,0.63055,0.26002,-0.3917,-0.12091,0.16815,0.95997,1,0.52801,0.66578,0.91786,0.88249,-0.70577,-0.46403,-0.14846,0.1386,-0.51526,-0.75192,0.042666,0.34235,-0.86647,-0.36829,0.48352,0.014546,0.42373,-0.52028,0.84273,0.059143,-0.60386,-0.8757,-0.081353,0.31851,-0.32508,-0.30838,-0.73022,-0.047476,-0.50522,-0.66543,0.54051,0.54209,-0.061277,0.12081,0.34871,0.28324,0.12678,-0.41249,-0.27049,-0.80474,-0.84189,-0.20115,-0.19441,-0.68147,-0.60533,-0.016577,-0.65658,-0.45164,-0.14439,0.19472,0.88338,0.72851,0.85744,-0.33476,0.81461,0.39785,-0.55625,-0.34474,-0.23006,-0.21841,0.66213,0.53331,0.48597,-0.10416,-0.2641,-0.37786,0.75895,0.57048,-0.4065,-0.51658,-0.031698,0.44513,-0.053474,-0.018255,-0.0022348,0.52098,0.53066,-0.37599,-0.018565,-0.60943,-0.48781,-0.34416,0.05251,0.08452,0.5927,0.10598,0.29597,0.37222,-0.77091
0.04605,-0.68916,-0.67515,-0.40205,0.014295,-0.42371,-0.36348,-0.28941,-0.43099,0.43752,0.52801,1,-0.083144,0.31412,0.25163,-0.36804,0.354,-0.42627,0.089663,-0.63422,-0.5047,0.66674,0.34852,-0.20978,-0.21123,0.86826,0.60782,0.63956,-0.23976,0.75398,0.27432,0.056141,-0.34518,-0.39611,0.45791,-0.51391,-0.60085,-0.11909,-0.40696,-0.5824,-0.26007,0.59023,0.50223,0.44739,0.47659,0.80697,0.68589,0.6737,-0.83881,-0.36383,-0.1278,-0.43164,-0.68176,-0.34936,-0.54835,-0.50022,-0.28097,-0.51118,-0.60632,-0.35669,0.58641,0.58725,0.45901,0.2416,-0.46958,0.14935,-0.29989,-0.1975,-0.60906,-0.48443,-0.33308,0.86055,0.38299,-0.25768,0.0030333,0.16859,0.48534,0.13409,0.60998,0.1435,-0.64911,-0.43253,0.58385,0.55337,0.56853,0.50474,0.6595,0.9262,0.14513,-0.47277,-0.56067,-0.39133,-0.61518,0.30907,0.39407,0.72557,0.61066,0.6002,0.15688,-0.29169
-0.58411,0.23647,0.056863,0.47969,0.51959,0.68758,-0.0064683,0.34058,0.6576,0.72143,0.66578,-0.083144,1,0.67848,0.70774,-0.46438,-0.65262,0.32992,-0.14426,0.22993,-0.1913,-0.61078,-0.23874,-0.53872,-0.22909,-0.26431,-0.44279,-0.032234,-0.65928,0.25901,-0.24575,-0.84702,-0.72077,0.2455,0.048772,0.18166,0.1995,-0.81894,0.003415,0.092657,-0.24356,-0.14467,0.10683,-0.57072,-0.46756,-0.2023,-0.45789,-0.57482,0.26201,-0.4198,-0.86905,-0.47489,0.41172,0.22872,-0.33132,-0.33618,0.41585,-0.16357,0.18527,0.23328,-0.17852,0.3529,0.21348,0.6293,0.23368,0.8175,0.68133,-0.50269,0.35417,0.23195,0.030143,0.044703,-0.068074,0.52211,-0.39142,-0.45507,-0.66287,0.96326,-0.070666,-0.70356,-0.32806,0.52139,-0.13339,-0.50406,-0.36601,-0.64341,-0.051697,-0.1565,-0.28407,0.44123,-0.041804,-0.046911,0.32177,-0.29039,-0.33122,0.055637,-0.45522,-0.42305,0.26337,-0.31318
-0.71455,-0.23426,-0.5987,0.21921,0.77885,0.34359,-0.1679,0.058834,0.41548,0.94842,0.91786,0.31412,0.67848,1,0.96067,-0.59581,-0.67937,0.10355,0.39819,-0.52006,-0.68023,0.03221,0.50358,-0.92806,-0.60552,0.29365,-0.29295,0.18835,-0.48306,0.72724,-0.20068,-0.77928,-0.87749,0.18494,0.14986,-0.043354,-0.41544,-0.85005,0.25815,-0.38166,-0.61129,0.42195,0.35451,-0.28292,-0.073745,0.042716,0.25312,0.096341,-0.38315,0.02461,-0.90352,-0.80697,0.052241,0.032071,-0.50466,-0.48047,0.19526,-0.47178,-0.55821,-0.33721,-0.056216,0.84021,0.81024,0.96903,-0.22963,0.93427,0.59006,-0.59838,-0.18774,0.037718,0.10511,0.43056,0.65394,0.63577,-0.21112,-0.52815,-0.60832,0.73939,0.4174,-0.61921,-0.16853,0.17595,0.28023,-0.35839,-0.34869,0.05912,0.44992,0.42783,-0.37138,0.28159,-0.70503,-0.68336,-0.43075,-0.19281,-0.18077,0.35381,0.13324,0.31789,0.56716,-0.80977
-0.60497,-0.20014,-0.51062,0.25522,0.82346,0.48056,-0.21449,0.036887,0.46012,0.8715,0.88249,0.25163,0.70774,0.96067,1,-0.62607,-0.74143,0.045949,0.25076,-0.46912,-0.72352,-0.0966,0.40018,-0.90274,-0.46853,0.2285,-0.3384,0.2844,-0.35659,0.73116,-0.17398,-0.76578,-0.88453,0.076485,0.015941,-0.039333,-0.29495,-0.88473,0.18243,-0.43058,-0.65071,0.34257,0.23692,-0.25995,-0.16687,0.034392,0.15788,-0.017921,-0.27742,0.0011513,-0.91577,-0.8078,0.10098,0.012222,-0.5386,-0.55573,0.20185,-0.48865,-0.48393,-0.20726,0.056601,0.85486,0.77016,0.98746,-0.33159,0.88793,0.68016,-0.43005,-0.2056,-0.03171,-0.014318,0.42263,0.56157,0.70906,-0.087667,-0.45446,-0.65023,0.77511,0.33104,-0.58786,-0.19083,0.1689,0.16474,-0.38257,-0.35273,-0.045983,0.2406,0.34443,-0.48979,0.29932,-0.56739,-0.61331,-0.30893,-0.20099,-0.15422,0.24689,-0.030002,0.20208,0.4004,-0.82006
-0.032782,0.63177,0.52963,0.26431,-0.60997,-0.41595,0.79232,0.50354,0.097594,-0.56051,-0.70577,-0.36804,-0.46438,-0.59581,-0.62607,1,0.13652,0.53779,0.253,0.31861,0.73311,0.12196,-0.082289,0.60568,-0.12869,-0.49386,-0.36024,-0.72553,0.13203,-0.7296,-0.54575,0.24654,0.80709,0.53977,-0.30788,0.53021,-0.085948,0.56857,0.47547,0.74994,0.82306,-0.52372,-0.50846,-0.3946,-0.37866,-0.55678,-0.23409,-0.10609,0.20877,0.23481,0.60241,0.93545,0.36898,0.63508,0.94393,0.91924,0.30376,0.8854,0.21628,-0.29652,-0.53194,-0.6685,-0.41842,-0.60947,0.62084,-0.4291,-0.34227,0.02822,0.55874,0.63357,0.541,-0.71279,-0.27125,-0.62939,-0.41942,-0.29964,0.049476,-0.59138,-0.57155,-0.021831,0.5578,0.39202,-0.55844,-0.31953,-0.36938,0.063616,-0.15257,-0.2815,0.70989,0.29483,0.23717,0.11297,0.065153,-0.49738,-0.55141,-0.51251,0.19745,-0.18266,0.15799,0.71721
0.66858,-0.37968,-0.014291,-0.63905,-0.74756,-0.66581,-0.2508,-0.42237,-0.79066,-0.54005,-0.46403,0.354,-0.65262,-0.67937,-0.74143,0.13652,1,-0.47072,-0.25637,0.10917,0.27343,0.41761,-0.19798,0.70409,0.43868,0.37782,0.8088,0.23397,0.14892,-0.15517,0.56874,0.78326,0.53952,-0.41472,0.4383,-0.45832,0.072748,0.71289,-0.5712,-0.047919,0.31568,0.16968,0.26216,0.6445,0.60393,0.54634,0.30227,0.41525,-0.16573,-0.2203,0.72572,0.3317,-0.64183,-0.44926,0.016264,0.041591,-0.53697,-0.040082,0.15764,0.16346,0.36686,-0.40447,-0.41801,-0.73003,-0.090185,-0.72282,-0.84557,0.29393,-0.26991,-0.42651,-0.29488,0.21738,-0.31445,-0.70335,0.22756,0.68394,0.97786,-0.57296,0.21421,0.75668,-0.29915,-0.57664,0.38955,0.79763,0.80011,0.30179,0.1497,0.17978,0.4039,-0.7104,0.21645,0.46074,-0.0047384,0.61634,0.59092,0.34184,0.31477,0.18671,-0.36876,0.51129
-0.69623,0.87869,0.52113,0.87638,0.071355,0.23347,0.91589,0.94662,0.82581,0.10087,-0.14846,-0.42627,0.32992,0.10355,0.045949,0.53779,-0.47072,1,0.37194,0.38454,0.59344,-0.25851,-0.093783,0.065986,-0.61438,-0.71528,-0.82252,-0.78274,-0.38071,-0.50947,-0.92307,-0.62858,0.031005,0.84796,-0.36105,0.9192,-0.19091,-0.3198,0.572,0.73223,0.59799,-0.68668,-0.54559,-0.92748,-0.82432,-0.81002,-0.51372,-0.44185,0.19741,0.056444,-0.27808,0.40421,0.85854,0.95974,0.60265,0.51595,0.8941,0.79459,0.096556,-0.36274,-0.71656,-0.37123,-0.17198,0.041471,0.817,0.38761,0.43661,-0.39494,0.87167,0.97816,0.83382,-0.7113,-0.17324,-0.076117,-0.80752,-0.85351,-0.54591,0.22203,-0.69386,-0.81241,0.4771,0.95191,-0.69103,-0.8457,-0.79845,-0.29016,-0.15858,-0.32469,0.45253,0.89146,0.019128,-0.22831,0.10806,-0.89455,-0.9652,-0.59827,-0.063969,-0.40337,0.53391,0.36388
-0.67712,0.0063054,-0.47636,0.10127,0.1605,-0.42021,0.38485,0.17246,0.1509,0.30525,0.1386,0.089663,-0.14426,0.39819,0.25076,0.253,-0.25637,0.37194,1,-0.51585,-0.13439,0.5833,0.84479,-0.33456,-0.83823,0.15041,-0.36281,-0.45193,-0.21557,0.13426,-0.45864,-0.29051,-0.011561,0.66376,0.15471,0.2314,-0.71964,-0.12613,0.78422,0.12495,0.03122,0.31321,0.14481,-0.32103,0.035715,-0.33753,0.53526,0.49008,-0.47596,0.66485,-0.15426,-0.048602,0.052377,0.32529,0.34883,0.3416,0.14742,0.19194,-0.67489,-0.85289,-0.57133,0.25185,0.62421,0.36344,0.1125,0.39019,-0.018612,-0.55858,0.0071666,0.46458,0.75225,-0.10793,0.73497,0.044878,-0.40079,-0.65485,-0.27405,-0.15419,0.23507,-0.34589,0.57103,0.16792,0.18559,-0.41425,-0.53667,0.62773,0.59775,0.36907,0.29514,0.29874,-0.80059,-0.75243,-0.76291,-0.33536,-0.42614,0.093333,0.7358,0.65103,0.85123,-0.27309
0.12556,0.67809,0.86657,0.34836,-0.43498,0.30518,0.34029,0.3869,0.30104,-0.43891,-0.51526,-0.63422,0.22993,-0.52006,-0.46912,0.31861,0.10917,0.38454,-0.51585,1,0.77591,-0.71075,-0.83554,0.61105,0.38938,-0.77852,-0.23971,-0.46075,-0.17649,-0.75588,-0.13176,-0.012149,0.36722,0.21206,-0.17213,0.39361,0.70955,0.1574,-0.1824,0.71748,0.61725,-0.74997,-0.3898,-0.39423,-0.48098,-0.44489,-0.84469,-0.75153,0.82437,-0.32853,0.17486,0.55506,0.49714,0.32906,0.41117,0.34621,0.30052,0.55717,0.90515,0.60514,-0.32161,-0.77791,-0.79533,-0.53411,0.67979,-0.24398,0.028755,0.11565,0.77474,0.37761,0.10339,-0.65308,-0.87212,-0.20056,-0.27932,0.034863,-0.030925,0.08092,-0.67467,-0.081297,0.054415,0.44339,-0.55103,-0.23389,-0.10386,-0.74321,-0.62911,-0.80482,0.24693,0.27133,0.80541,0.77461,0.87425,-0.1725,-0.25819,-0.49063,-0.64352,-0.85723,-0.30324,0.74178
0.053053,0.75365,0.82222,0.40282,-0.60721,-0.094657,0.69806,0.58594,0.22943,-0.59676,-0.75192,-0.5047,-0.1913,-0.68023,-0.72352,0.73311,0.27343,0.59344,-0.13439,0.77591,1,-0.24191,-0.5365,0.77876,0.066809,-0.69432,-0.25291,-0.6733,-0.047131,-0.8941,-0.41684,0.13496,0.64648,0.41864,-0.27146,0.61841,0.24955,0.40799,0.091422,0.82708,0.89994,-0.78862,-0.55854,-0.41251,-0.47124,-0.50992,-0.59202,-0.39561,0.46444,-0.097304,0.45833,0.85008,0.50197,0.58387,0.72219,0.67181,0.43476,0.86197,0.5826,0.088286,-0.45353,-0.92463,-0.78733,-0.74028,0.82796,-0.41775,-0.19097,0.10843,0.79643,0.61305,0.45073,-0.7649,-0.68165,-0.55153,-0.46496,-0.14183,0.14565,-0.32312,-0.76238,-0.092734,0.34934,0.51008,-0.62568,-0.23732,-0.18406,-0.30726,-0.396,-0.55168,0.64059,0.35709,0.57691,0.46574,0.47516,-0.39991,-0.47362,-0.59355,-0.18102,-0.56811,-0.052186,0.91795
-0.0021538,-0.53833,-0.66437,-0.44586,-0.19627,-0.79743,-0.049096,-0.28514,-0.51889,0.038389,0.042666,0.66674,-0.61078,0.03221,-0.0966,0.12196,0.41761,-0.25851,0.5833,-0.71075,-0.24191,1,0.7417,-0.0081313,-0.40685,0.73016,0.4264,0.17412,0.071986,0.39742,0.065025,0.32508,0.16709,-0.065072,0.27563,-0.28516,-0.80166,0.29569,0.14412,-0.32502,-0.015458,0.56622,0.29103,0.41525,0.53369,0.45209,0.90109,0.95754,-0.84018,0.34436,0.29041,-0.043604,-0.60415,-0.18287,-0.0052239,0.043608,-0.33137,-0.1361,-0.76604,-0.74615,0.15152,0.2956,0.47473,-0.0056061,-0.33071,-0.15361,-0.54161,-0.12193,-0.5265,-0.20291,0.12726,0.45955,0.63455,-0.35458,-0.013602,0.031791,0.4861,-0.48459,0.49939,0.27851,0.07679,-0.4646,0.48951,0.40446,0.2843,0.95254,0.71322,0.81968,0.37839,-0.34828,-0.69862,-0.55375,-0.89093,0.16242,0.20623,0.43574,0.94448,0.89562,0.38396,-0.13959
-0.41044,-0.43885,-0.79833,-0.22252,0.31212,-0.41283,-0.065613,-0.24533,-0.13353,0.37195,0.34235,0.34852,-0.23874,0.50358,0.40018,-0.082289,-0.19798,-0.093783,0.84479,-0.83554,-0.5365,0.7417,1,-0.53793,-0.63402,0.54289,-0.042796,0.011145,0.018878,0.52626,-0.11742,-0.1002,-0.17175,0.19931,0.1403,-0.15355,-0.75966,-0.11601,0.56813,-0.36431,-0.38106,0.64945,0.30322,0.11014,0.34766,0.086605,0.82422,0.75613,-0.67068,0.68342,-0.15502,-0.36605,-0.31413,-0.095067,-0.050585,-0.0053411,-0.19936,-0.25777,-0.87663,-0.78801,-0.15961,0.59885,0.84882,0.51755,-0.37804,0.30868,-0.059275,-0.33615,-0.47489,-0.024832,0.31807,0.32654,0.96589,0.24051,-0.0050211,-0.32082,-0.14287,-0.1841,0.54858,-0.069478,0.36702,-0.26489,0.44491,-0.065563,-0.22114,0.83348,0.67468,0.64164,-0.03093,-0.016603,-0.90601,-0.82058,-0.91838,-0.032897,-0.017474,0.3194,0.75521,0.90407,0.62107,-0.60795
0.54157,0.33131,0.62737,-0.081732,-0.828,-0.36552,0.31094,0.11889,-0.27941,-0.84479,-0.86647,-0.20978,-0.53872,-0.92806,-0.90274,0.60568,0.70409,0.065986,-0.33456,0.61105,0.77876,-0.0081313,-0.53793,1,0.42374,-0.31957,0.22604,-0.25505,0.22147,-0.7096,0.058698,0.59202,0.80837,-0.034549,-0.062706,0.16508,0.3104,0.6994,-0.28615,0.50805,0.78277,-0.50918,-0.36185,0.11535,-0.062707,-0.071866,-0.28122,-0.11145,0.32159,-0.14328,0.76502,0.81472,0.010619,0.12762,0.53037,0.45818,-0.029709,0.5841,0.53713,0.24462,-0.0092792,-0.85479,-0.79195,-0.92305,0.37665,-0.78444,-0.56432,0.42738,0.34963,0.11275,0.053476,-0.43094,-0.7151,-0.7275,-0.049718,0.36312,0.62853,-0.57434,-0.48233,0.43506,0.10091,-0.010564,-0.32377,0.25474,0.30114,-0.090009,-0.39423,-0.3524,0.58242,-0.15309,0.63784,0.6338,0.40781,0.069991,0.032014,-0.33,-0.052067,-0.35329,-0.39197,0.92439
0.88042,-0.19489,0.32993,-0.47396,-0.34936,0.11782,-0.53473,-0.52302,-0.50287,-0.56856,-0.36829,-0.21123,-0.22909,-0.60552,-0.46853,-0.12869,0.43868,-0.61438,-0.83823,0.38938,0.066809,-0.40685,-0.63402,0.42374,1,-0.051634,0.49849,0.3802,0.48192,-0.22349,0.70638,0.66881,0.33266,-0.68938,-0.011946,-0.47315,0.79976,0.50294,-0.64108,-0.15153,-0.10291,-0.065434,0.02048,0.56892,0.30113,0.32173,-0.29709,-0.29156,0.53047,-0.30422,0.50486,0.16812,-0.2967,-0.58243,-0.17668,-0.14078,-0.5371,-0.24857,0.66069,0.8622,0.4803,-0.32282,-0.57064,-0.52918,-0.26891,-0.67348,-0.30569,0.66384,-0.22384,-0.60758,-0.76008,0.04289,-0.58225,-0.094937,0.68129,0.86481,0.42167,-0.25651,-0.021047,0.73483,-0.33628,-0.49546,0.041014,0.56733,0.59925,-0.38224,-0.52641,-0.43294,-0.34409,-0.58458,0.76436,0.83363,0.66226,0.61733,0.65795,-0.0050193,-0.57874,-0.40617,-0.92111,0.23997
0.19443,-0.93478,-0.87662,-0.70326,0.059544,-0.49683,-0.64375,-0.66727,-0.67466,0.34017,0.48352,0.86826,-0.26431,0.29365,0.2285,-0.49386,0.37782,-0.71528,0.15041,-0.77852,-0.69432,0.73016,0.54289,-0.31957,-0.051634,1,0.73363,0.71198,0.0016891,0.81111,0.55517,0.28272,-0.27741,-0.53195,0.51554,-0.76266,-0.48702,0.042859,-0.3306,-0.76567,-0.52768,0.86995,0.6737,0.71135,0.7848,0.86295,0.8753,0.82357,-0.78433,-0.037996,0.0026703,-0.55534,-0.88434,-0.67044,-0.60999,-0.52294,-0.62902,-0.73526,-0.65272,-0.27791,0.59548,0.67069,0.58368,0.26411,-0.72124,0.015815,-0.40746,-0.079649,-0.87282,-0.71904,-0.45682,0.91679,0.59119,-0.064991,0.35246,0.38219,0.49513,-0.077056,0.86137,0.42123,-0.48571,-0.75597,0.82308,0.69648,0.63684,0.67155,0.69339,0.86825,-0.10285,-0.69354,-0.62148,-0.36544,-0.68708,0.59672,0.66674,0.82073,0.62243,0.80585,0.06362,-0.50958
0.68483,-0.78829,-0.39664,-0.82447,-0.35898,-0.4753,-0.70079,-0.7311,-0.88772,-0.16577,0.014546,0.60782,-0.44279,-0.29295,-0.3384,-0.36024,0.8088,-0.82252,-0.36281,-0.23971,-0.25291,0.4264,-0.042796,0.22604,0.49849,0.73363,1,0.67419,0.16495,0.33895,0.83663,0.68539,0.09793,-0.7576,0.52228,-0.80418,0.035088,0.45039,-0.72823,-0.54092,-0.23581,0.54843,0.5491,0.89263,0.84183,0.89662,0.50466,0.54132,-0.35989,-0.30987,0.42559,-0.18984,-0.88307,-0.80441,-0.49917,-0.40663,-0.75035,-0.57638,-0.060286,0.24256,0.69196,0.096898,-0.07892,-0.33638,-0.51747,-0.49064,-0.66328,0.27256,-0.68608,-0.82503,-0.68082,0.6792,-0.023512,-0.34228,0.50936,0.82862,0.85818,-0.30356,0.59446,0.78368,-0.60271,-0.84188,0.69656,0.98795,0.97611,0.34158,0.31965,0.43236,-0.03756,-0.90761,0.0035265,0.29412,-0.14377,0.8475,0.89234,0.65692,0.26322,0.37684,-0.43997,-0.0029753
0.50306,-0.75805,-0.47059,-0.46154,0.28915,0.10105,-0.78438,-0.59866,-0.4483,0.18761,0.42373,0.63956,-0.032234,0.18835,0.2844,-0.72553,0.23397,-0.78274,-0.45193,-0.46075,-0.6733,0.17412,0.011145,-0.25505,0.3802,0.71198,0.67419,1,0.26815,0.71274,0.65427,0.22791,-0.46538,-0.89082,0.14833,-0.65757,-0.037143,-0.16241,-0.72958,-0.90086,-0.64322,0.50102,0.3291,0.74823,0.49408,0.86208,0.39251,0.34027,-0.43176,-0.35062,-0.13411,-0.63703,-0.61732,-0.70779,-0.86859,-0.86526,-0.44932,-0.80871,-0.29557,0.243,0.95465,0.56799,0.22785,0.24651,-0.84801,-0.063686,-0.0059383,0.38946,-0.79895,-0.88105,-0.82378,0.86097,0.13853,0.17379,0.65397,0.62771,0.39291,0.17462,0.51786,0.40031,-0.69007,-0.64906,0.47636,0.68656,0.71603,0.16161,0.057018,0.50638,-0.508,-0.58187,-0.083202,-0.052762,-0.16545,0.58402,0.74602,0.48406,-0.035741,0.26768,-0.497,-0.4774
0.67899,-0.11868,0.13506,-0.20178,0.042935,0.038169,-0.18825,-0.32648,-0.30652,-0.66269,-0.52028,-0.23976,-0.65928,-0.48306,-0.35659,0.13203,0.14892,-0.38071,-0.21557,-0.17649,-0.047131,0.071986,0.018878,0.22147,0.48192,0.0016891,0.16495,0.26815,1,-0.19055,0.24905,0.61852,0.35748,-0.49418,-0.51391,-0.056385,0.14621,0.44764,-0.062616,-0.34937,-0.18299,-0.068129,-0.41647,0.52882,0.16225,0.069539,0.084503,0.13384,0.048211,0.40056,0.53203,0.1801,-0.070839,-0.27507,0.021423,-0.0063626,-0.24481,-0.052985,-0.040756,0.11968,0.39043,-0.17938,-0.24159,-0.32626,-0.47568,-0.66811,-0.055043,0.88615,-0.39772,-0.36088,-0.30304,-0.087556,-0.02327,0.07123,0.76081,0.51807,0.21811,-0.64023,-0.1561,0.5406,0.33525,-0.39103,-0.17388,0.2894,0.17538,0.23613,-0.48155,-0.1616,-0.38721,-0.20184,0.33584,0.079129,0.021703,0.1835,0.31693,-0.40476,-0.16777,0.05618,-0.63228,-0.032262
-0.14743,-0.76361,-0.85519,-0.34266,0.49947,-0.010528,-0.61219,-0.45696,-0.20062,0.71362,0.84273,0.75398,0.25901,0.72724,0.73116,-0.7296,-0.15517,-0.50947,0.13426,-0.75588,-0.8941,0.39742,0.52626,-0.7096,-0.22349,0.81111,0.33895,0.71274,-0.19055,1,0.3097,-0.23126,-0.70074,-0.40663,0.31161,-0.57016,-0.44876,-0.47993,-0.19907,-0.79274,-0.7453,0.75084,0.55706,0.36988,0.4136,0.66947,0.64738,0.51846,-0.65177,-0.095122,-0.52595,-0.84484,-0.56178,-0.48238,-0.77642,-0.7209,-0.33236,-0.81287,-0.66761,-0.23888,0.5106,0.95638,0.80893,0.73374,-0.71079,0.48962,0.12285,-0.23486,-0.72156,-0.57101,-0.41666,0.91217,0.66795,0.38491,0.21084,0.064482,-0.015816,0.42593,0.74197,-0.022853,-0.50844,-0.4442,0.61718,0.29796,0.2906,0.38279,0.54748,0.78811,-0.38811,-0.31863,-0.67927,-0.53563,-0.5773,0.30327,0.40586,0.68599,0.338,0.6116,0.19166,-0.801
0.69971,-0.77399,-0.36301,-0.86564,-0.17512,-0.19479,-0.90143,-0.90739,-0.81283,-0.15506,0.059143,0.27432,-0.24575,-0.20068,-0.17398,-0.54575,0.56874,-0.92307,-0.45864,-0.13176,-0.41684,0.065025,-0.11742,0.058698,0.70638,0.55517,0.83663,0.65427,0.24905,0.3097,1,0.62295,0.0073234,-0.75487,0.53342,-0.89934,0.41705,0.34689,-0.66456,-0.55758,-0.49183,0.59497,0.63033,0.85548,0.83281,0.70709,0.32744,0.24971,0.0038482,-0.17482,0.29656,-0.33905,-0.79085,-0.96397,-0.54965,-0.47264,-0.87822,-0.7306,0.15444,0.56797,0.59699,0.15616,-0.037048,-0.17801,-0.61921,-0.39776,-0.47432,0.31966,-0.69639,-0.89423,-0.77158,0.55736,-0.047983,0.0086838,0.75344,0.88864,0.58887,-0.16875,0.64661,0.81856,-0.51862,-0.86782,0.72065,0.83313,0.82085,0.076415,0.091994,0.092372,-0.41094,-0.91038,0.14677,0.45991,0.11591,0.98589,0.975,0.60966,-0.073024,0.21272,-0.57567,-0.2075
0.86373,-0.38401,0.015659,-0.72693,-0.64144,-0.56964,-0.34048,-0.60558,-0.85557,-0.74889,-0.60386,0.056141,-0.84702,-0.77928,-0.76578,0.24654,0.78326,-0.62858,-0.29051,-0.012149,0.13496,0.32508,-0.1002,0.59202,0.66881,0.28272,0.68539,0.22791,0.61852,-0.23126,0.62295,1,0.70846,-0.53309,0.12046,-0.50512,0.23778,0.91051,-0.34625,-0.14923,0.10654,0.20055,0.10044,0.75934,0.62361,0.4092,0.27804,0.3574,0.027479,0.11207,0.91706,0.40642,-0.59296,-0.55108,0.12588,0.18966,-0.70036,-0.080136,0.18827,0.25324,0.36104,-0.37149,-0.38533,-0.7372,-0.30321,-0.92882,-0.78696,0.59167,-0.42993,-0.53869,-0.44336,0.082815,-0.1912,-0.4909,0.59707,0.80647,0.7722,-0.83619,0.18165,0.95047,-0.016992,-0.72107,0.26627,0.74915,0.65999,0.33023,-0.066396,-0.015141,0.092345,-0.74375,0.33745,0.47886,0.047869,0.62942,0.65574,0.12895,0.1427,0.19393,-0.59357,0.33699
0.44107,0.26527,0.42779,-0.24408,-0.84165,-0.57422,0.33249,-0.02817,-0.38902,-0.84587,-0.8757,-0.34518,-0.72077,-0.87749,-0.88453,0.80709,0.53952,0.031005,-0.011561,0.36722,0.64648,0.16709,-0.17175,0.80837,0.33266,-0.27741,0.09793,-0.46538,0.35748,-0.70074,0.0073234,0.70846,1,0.13242,-0.095804,0.082503,0.21084,0.90597,0.14983,0.54481,0.66546,-0.28697,-0.27324,0.10428,0.068855,-0.22573,-0.075915,0.048756,0.32337,0.26735,0.91537,0.89508,-0.05572,0.10475,0.76714,0.7785,-0.22669,0.59144,0.39115,0.039246,-0.27889,-0.74103,-0.53468,-0.85502,0.33397,-0.81154,-0.69176,0.31605,0.23881,0.16467,0.16335,-0.52292,-0.35829,-0.64449,0.0071643,0.25508,0.43643,-0.83914,-0.31948,0.52712,0.42547,-0.12424,-0.2384,0.15217,0.085354,0.15112,-0.19957,-0.33091,0.53943,-0.19454,0.41767,0.47356,0.19015,0.046879,-0.010391,-0.30139,0.14301,-0.083623,-0.20979,0.73876
-0.79586,0.65861,0.20926,0.55343,-0.040602,-0.076073,0.78487,0.67203,0.58457,0.1821,-0.081353,-0.39611,0.2455,0.18494,0.076485,0.53977,-0.41472,0.84796,0.66376,0.21206,0.41864,-0.065072,0.19931,-0.034549,-0.68938,-0.53195,-0.7576,-0.89082,-0.49418,-0.40663,-0.75487,-0.53309,0.13242,1,0.0010197,0.6517,-0.22092,-0.17888,0.77903,0.75819,0.49212,-0.31929,-0.16194,-0.86101,-0.52245,-0.81391,-0.23064,-0.24767,0.15952,0.30701,-0.20528,0.35055,0.603,0.76773,0.70085,0.6586,0.56436,0.6721,0.0014719,-0.45493,-0.91938,-0.23754,0.094448,0.11094,0.74861,0.43248,0.17241,-0.64947,0.71634,0.92136,0.9199,-0.65643,0.094027,-0.082077,-0.77644,-0.86474,-0.52833,0.10656,-0.33085,-0.65361,0.56777,0.74201,-0.33921,-0.814,-0.82178,-0.089178,0.15675,-0.24588,0.49726,0.66704,-0.24747,-0.27505,-0.084463,-0.66178,-0.84002,-0.28967,0.20876,-0.10129,0.77032,0.21997
-0.044045,-0.54197,-0.51608,-0.61178,-0.26353,-0.50412,-0.41213,-0.4456,-0.53016,0.31525,0.31851,0.45791,0.048772,0.14986,0.015941,-0.30788,0.4383,-0.36105,0.15471,-0.17213,-0.27146,0.27563,0.1403,-0.062706,-0.011946,0.51554,0.52228,0.14833,-0.51391,0.31161,0.53342,0.12046,-0.095804,0.0010197,1,-0.63618,0.00027327,0.092261,-0.25873,-0.094194,-0.15017,0.64071,0.91302,0.2647,0.65781,0.40093,0.41854,0.2958,-0.23305,-0.23886,-0.0068363,-0.27108,-0.62792,-0.48436,-0.2263,-0.15805,-0.53507,-0.41251,-0.04456,0.076822,0.020102,0.20586,0.23756,0.024115,-0.08953,0.14259,-0.52644,-0.52456,-0.29863,-0.29351,-0.10213,0.41581,0.13828,-0.2651,-0.027119,0.19563,0.39775,0.11232,0.7316,0.28422,-0.48088,-0.38761,0.82508,0.40503,0.42557,0.13481,0.64473,0.30147,0.16405,-0.61583,-0.34707,0.11955,-0.19103,0.63897,0.45063,0.86311,0.41922,0.36575,0.24453,-0.109
-0.48269,0.89926,0.63429,0.92198,0.14769,0.36167,0.88359,0.91444,0.82792,-0.11999,-0.32508,-0.51391,0.18166,-0.043354,-0.039333,0.53021,-0.45832,0.9192,0.2314,0.39361,0.61841,-0.28516,-0.15355,0.16508,-0.47315,-0.76266,-0.80418,-0.65757,-0.056385,-0.57016,-0.89934,-0.50512,0.082503,0.6517,-0.63618,1,-0.14641,-0.27081,0.50004,0.60993,0.56474,-0.81753,-0.80165,-0.78668,-0.8799,-0.78351,-0.55259,-0.43536,0.22036,0.15379,-0.18263,0.43332,0.91729,0.92389,0.55412,0.43061,0.91984,0.80553,0.091488,-0.31481,-0.53881,-0.44359,-0.2915,-0.042562,0.66604,0.1919,0.52925,-0.038857,0.79474,0.87493,0.7347,-0.73754,-0.24024,0.0089674,-0.58787,-0.70034,-0.49752,0.092971,-0.85176,-0.71664,0.58114,0.88917,-0.84992,-0.78358,-0.74832,-0.25381,-0.41171,-0.38893,0.31333,0.92848,0.1766,-0.21053,0.15774,-0.90896,-0.9087,-0.82721,-0.18695,-0.45648,0.30709,0.38077
0.45953,0.20432,0.55414,-0.11234,-0.21531,0.40286,-0.27083,-0.1969,-0.057649,-0.38899,-0.30838,-0.60085,0.1995,-0.41544,-0.29495,-0.085948,0.072748,-0.19091,-0.71964,0.70955,0.24955,-0.80166,-0.75966,0.3104,0.79976,-0.48702,0.035088,-0.037143,0.14621,-0.44876,0.41705,0.23778,0.21084,-0.22092,0.00027327,-0.14641,1,0.2155,-0.35984,0.24429,0.012811,-0.30886,-0.031065,0.053261,-0.057355,-0.16203,-0.67183,-0.7188,0.88418,-0.27338,0.19095,0.18909,0.13837,-0.26151,0.026975,0.029339,-0.21937,-0.018095,0.90328,0.94446,0.0087189,-0.43982,-0.60113,-0.3675,0.13919,-0.31727,0.0028612,0.33652,0.23758,-0.17343,-0.39926,-0.33433,-0.69537,0.10515,0.35373,0.46505,-0.022061,0.070961,-0.23428,0.31617,-0.14811,-0.035733,-0.16528,0.065613,0.1455,-0.75851,-0.64216,-0.80809,-0.33105,-0.18685,0.82017,0.88209,0.9162,0.34279,0.26486,-0.18653,-0.8128,-0.71793,-0.64848,0.27847
0.65215,-0.097033,0.18553,-0.56223,-0.81036,-0.66484,-0.012629,-0.34787,-0.70451,-0.7802,-0.73022,-0.11909,-0.81894,-0.85005,-0.88473,0.56857,0.71289,-0.3198,-0.12613,0.1574,0.40799,0.29569,-0.11601,0.6994,0.50294,0.042859,0.45039,-0.16241,0.44764,-0.47993,0.34689,0.91051,0.90597,-0.17888,0.092261,-0.27081,0.2155,1,-0.068432,0.23171,0.39546,0.013123,0.0019588,0.45301,0.42866,0.12009,0.13475,0.24086,0.16084,0.17307,0.98219,0.68646,-0.38475,-0.25215,0.47744,0.56482,-0.52947,0.24719,0.30456,0.1277,-0.0057664,-0.57269,-0.46827,-0.85235,0.064016,-0.89796,-0.83832,0.38487,-0.10902,-0.19286,-0.14513,-0.21108,-0.25044,-0.63271,0.27245,0.54546,0.64224,-0.88973,-0.0060451,0.78441,0.18274,-0.45899,0.085345,0.50631,0.4106,0.26749,-0.01965,-0.14885,0.36593,-0.54187,0.34777,0.50123,0.095956,0.3849,0.34917,-0.0041822,0.2066,0.095964,-0.35985,0.555
-0.65899,0.40394,-0.058774,0.36077,0.18218,-0.0833,0.56864,0.37072,0.42841,0.13128,-0.047476,-0.40696,0.003415,0.25815,0.18243,0.47547,-0.5712,0.572,0.78422,-0.1824,0.091422,0.14412,0.56813,-0.28615,-0.64108,-0.3306,-0.72823,-0.72958,-0.062616,-0.19907,-0.66456,-0.34625,0.14983,0.77903,-0.25873,0.50004,-0.35984,-0.068432,1,0.41977,0.1258,-0.078254,-0.21905,-0.59085,-0.33947,-0.71259,0.063165,0.030845,0.02505,0.71738,-0.11018,0.20671,0.4525,0.54828,0.60061,0.62977,0.32242,0.44025,-0.28839,-0.61442,-0.80541,0.027942,0.37664,0.26213,0.35477,0.31351,0.21049,-0.39755,0.32864,0.67178,0.76069,-0.50895,0.49782,0.21916,-0.41717,-0.73797,-0.63225,-0.14419,-0.16985,-0.45943,0.80455,0.43603,-0.26735,-0.71911,-0.84353,0.24816,0.19902,-0.09436,0.16418,0.57421,-0.42093,-0.51109,-0.34721,-0.59696,-0.67649,-0.3337,0.29793,0.22356,0.69484,-0.14349
-0.31735,0.81791,0.67742,0.44735,-0.5114,-0.086282,0.76895,0.63595,0.3936,-0.29641,-0.50522,-0.5824,0.092657,-0.38166,-0.43058,0.74994,-0.047919,0.73223,0.12495,0.71748,0.82708,-0.32502,-0.36431,0.50805,-0.15153,-0.76567,-0.54092,-0.90086,-0.34937,-0.79274,-0.55758,-0.14923,0.54481,0.75819,-0.094194,0.60993,0.24429,0.23171,0.41977,1,0.82485,-0.65764,-0.3549,-0.71921,-0.56157,-0.74329,-0.5885,-0.51346,0.56676,0.0098416,0.21616,0.76885,0.58757,0.69552,0.85318,0.82127,0.44652,0.86671,0.56465,0.0086376,-0.78933,-0.7166,-0.48505,-0.44795,0.92409,-0.068933,-0.10223,-0.2991,0.90321,0.80565,0.63556,-0.83571,-0.49012,-0.39327,-0.68016,-0.46337,-0.20984,-0.098245,-0.62959,-0.31749,0.4175,0.66566,-0.56092,-0.55984,-0.51103,-0.39804,-0.21871,-0.58609,0.63562,0.47834,0.35441,0.34802,0.4305,-0.50951,-0.67218,-0.46361,-0.11797,-0.52159,0.2933,0.73611
-0.048349,0.68705,0.66674,0.36202,-0.70608,-0.32042,0.78276,0.61345,0.17871,-0.5013,-0.66543,-0.26007,-0.24356,-0.61129,-0.65071,0.82306,0.31568,0.59799,0.03122,0.61725,0.89994,-0.015458,-0.38106,0.78277,-0.10291,-0.52768,-0.23581,-0.64322,-0.18299,-0.7453,-0.49183,0.10654,0.66546,0.49212,-0.15017,0.56474,0.012811,0.39546,0.1258,0.82485,1,-0.66182,-0.4688,-0.44651,-0.44996,-0.43745,-0.3929,-0.2195,0.24905,-0.11088,0.45074,0.87285,0.38153,0.65426,0.78929,0.70029,0.42909,0.90553,0.39188,-0.11358,-0.43074,-0.78781,-0.60537,-0.66438,0.76228,-0.34877,-0.32059,-0.058694,0.73765,0.63794,0.50597,-0.64425,-0.56669,-0.72757,-0.60192,-0.25729,0.2124,-0.32461,-0.64677,-0.12218,0.27684,0.48575,-0.5522,-0.24316,-0.18437,-0.14025,-0.21065,-0.30883,0.86321,0.31822,0.37072,0.30404,0.25651,-0.4486,-0.52036,-0.44484,0.081337,-0.38694,0.12011,0.93063
0.025208,-0.90282,-0.94047,-0.75375,0.14096,-0.44463,-0.69008,-0.7661,-0.62426,0.42545,0.54051,0.59023,-0.14467,0.42195,0.34257,-0.52372,0.16968,-0.68668,0.31321,-0.74997,-0.78862,0.56622,0.64945,-0.50918,-0.065434,0.86995,0.54843,0.50102,-0.068129,0.75084,0.59497,0.20055,-0.28697,-0.31929,0.64071,-0.81753,-0.30886,0.013123,-0.078254,-0.65764,-0.66182,1,0.85027,0.57744,0.83619,0.6124,0.83222,0.68855,-0.55417,0.19318,-0.076897,-0.62055,-0.81796,-0.71672,-0.49852,-0.39323,-0.73305,-0.77409,-0.56037,-0.18424,0.29512,0.70872,0.71306,0.40462,-0.6723,0.16204,-0.35357,-0.27863,-0.81906,-0.62697,-0.34153,0.7482,0.71318,0.14912,0.38786,0.27047,0.22724,-0.037951,0.98757,0.39134,-0.29726,-0.73764,0.92873,0.49731,0.40266,0.5759,0.7274,0.63727,-0.25658,-0.66877,-0.68015,-0.33154,-0.62159,0.6572,0.63638,0.85946,0.53831,0.80936,0.18495,-0.6703
-0.042765,-0.73651,-0.72551,-0.7056,-0.043166,-0.39913,-0.62843,-0.63105,-0.56695,0.4798,0.54209,0.50223,0.10683,0.35451,0.23692,-0.50846,0.26216,-0.54559,0.14481,-0.3898,-0.55854,0.29103,0.30322,-0.36185,0.02048,0.6737,0.5491,0.3291,-0.41647,0.55706,0.63033,0.10044,-0.27324,-0.16194,0.91302,-0.80165,-0.031065,0.0019588,-0.21905,-0.3549,-0.4688,0.85027,1,0.38666,0.7657,0.52225,0.53584,0.37655,-0.29651,-0.1459,-0.12234,-0.51434,-0.72833,-0.65174,-0.43142,-0.30902,-0.66915,-0.67309,-0.18761,0.077967,0.13446,0.48992,0.46169,0.25524,-0.33128,0.23739,-0.4142,-0.50178,-0.52663,-0.48728,-0.29895,0.60803,0.37702,-0.0076723,0.15857,0.24483,0.25363,0.16962,0.91561,0.3117,-0.50974,-0.54734,0.93419,0.45387,0.43475,0.20602,0.71435,0.4073,-0.10573,-0.68179,-0.47592,-0.009077,-0.29372,0.7102,0.57964,0.95402,0.37522,0.49875,0.20741,-0.42648
0.78808,-0.82869,-0.4397,-0.8321,-0.15384,-0.34519,-0.78726,-0.85959,-0.86956,-0.28849,-0.061277,0.44739,-0.57072,-0.28292,-0.25995,-0.3946,0.6445,-0.92748,-0.32103,-0.39423,-0.41251,0.41525,0.11014,0.11535,0.56892,0.71135,0.89263,0.74823,0.52882,0.36988,0.85548,0.75934,0.10428,-0.86101,0.2647,-0.78668,0.053261,0.45301,-0.59085,-0.71921,-0.44651,0.57744,0.38666,1,0.83386,0.82025,0.56459,0.57294,-0.32478,-0.0022723,0.45193,-0.25859,-0.83637,-0.88261,-0.52148,-0.45115,-0.80836,-0.65512,-0.17451,0.22337,0.75268,0.18873,0.025105,-0.23472,-0.76312,-0.567,-0.51482,0.54171,-0.85201,-0.91796,-0.72506,0.64243,0.13374,-0.088148,0.8001,0.89042,0.72659,-0.43877,0.57038,0.86329,-0.36257,-0.9423,0.61987,0.92827,0.86084,0.44575,0.13476,0.36874,-0.31893,-0.86137,0.0088121,0.17951,-0.19976,0.83781,0.93456,0.47104,0.17714,0.45361,-0.56905,-0.20789
0.45005,-0.88706,-0.67473,-0.93515,-0.20218,-0.57272,-0.74091,-0.87907,-0.9055,-0.023997,0.12081,0.47659,-0.46756,-0.073745,-0.16687,-0.37866,0.60393,-0.82432,0.035715,-0.48098,-0.47124,0.53369,0.34766,-0.062707,0.30113,0.7848,0.84183,0.49408,0.16225,0.4136,0.83281,0.62361,0.068855,-0.52245,0.65781,-0.8799,-0.057355,0.42866,-0.33947,-0.56157,-0.44996,0.83619,0.7657,0.83386,1,0.70648,0.72151,0.66678,-0.38579,0.10056,0.35605,-0.3243,-0.91633,-0.86646,-0.40352,-0.27846,-0.89117,-0.66798,-0.2561,0.064855,0.40064,0.27454,0.25066,-0.1058,-0.58864,-0.317,-0.64986,0.045803,-0.79491,-0.75105,-0.47315,0.61507,0.35992,-0.11855,0.55754,0.65406,0.62443,-0.37592,0.84727,0.76002,-0.31326,-0.90724,0.91044,0.81761,0.71967,0.532,0.54498,0.42913,-0.16709,-0.89908,-0.30525,0.069763,-0.37639,0.89023,0.86055,0.76386,0.43597,0.65619,-0.16613,-0.30127
0.50711,-0.85953,-0.56456,-0.68611,-0.069658,-0.29552,-0.74751,-0.66476,-0.70213,0.14613,0.34871,0.80697,-0.2023,0.042716,0.034392,-0.55678,0.54634,-0.81002,-0.33753,-0.44489,-0.50992,0.45209,0.086605,-0.071866,0.32173,0.86295,0.89662,0.86208,0.069539,0.66947,0.70709,0.4092,-0.22573,-0.81391,0.40093,-0.78351,-0.16203,0.12009,-0.71259,-0.74329,-0.43745,0.6124,0.52225,0.82025,0.70648,1,0.57276,0.57976,-0.54129,-0.3834,0.098604,-0.45623,-0.85329,-0.75058,-0.72901,-0.64045,-0.6237,-0.73544,-0.29072,0.10456,0.82639,0.44987,0.20284,0.016601,-0.67305,-0.20028,-0.40312,0.19508,-0.77999,-0.8683,-0.75317,0.91267,0.17118,-0.12873,0.44629,0.67106,0.65959,-0.017542,0.64477,0.54926,-0.73184,-0.7722,0.66143,0.88451,0.894,0.3633,0.38188,0.67139,-0.16891,-0.76991,-0.19529,0.024684,-0.2918,0.68969,0.81036,0.7042,0.27357,0.44935,-0.32815,-0.27148
0.020846,-0.79021,-0.89165,-0.62193,0.034377,-0.64788,-0.3973,-0.5758,-0.59081,0.21237,0.28324,0.68589,-0.45789,0.25312,0.15788,-0.23409,0.30227,-0.51372,0.53526,-0.84469,-0.59202,0.90109,0.82422,-0.28122,-0.29709,0.8753,0.50466,0.39251,0.084503,0.64738,0.32744,0.27804,-0.075915,-0.23064,0.41854,-0.55259,-0.67183,0.13475,0.063165,-0.5885,-0.3929,0.83222,0.53584,0.56459,0.72151,0.57276,1,0.95744,-0.80684,0.3891,0.10004,-0.38619,-0.755,-0.48202,-0.28995,-0.23277,-0.55142,-0.49371,-0.80483,-0.57367,0.26877,0.56487,0.68783,0.25326,-0.61628,-0.0058494,-0.43263,-0.13653,-0.76986,-0.45577,-0.079283,0.66208,0.78456,-0.040997,0.23563,0.15908,0.38579,-0.31442,0.7714,0.3571,-0.040075,-0.66836,0.73734,0.47367,0.34895,0.91384,0.73822,0.82498,0.019575,-0.49966,-0.78089,-0.55726,-0.88433,0.40853,0.44709,0.62948,0.83343,0.98387,0.30674,-0.4748
0.086961,-0.70043,-0.76293,-0.55891,-0.08539,-0.69913,-0.27929,-0.47811,-0.59075,0.070993,0.12678,0.6737,-0.57482,0.096341,-0.017921,-0.10609,0.41525,-0.44185,0.49008,-0.75153,-0.39561,0.95754,0.75613,-0.11145,-0.29156,0.82357,0.54132,0.34027,0.13384,0.51846,0.24971,0.3574,0.048756,-0.24767,0.2958,-0.43536,-0.7188,0.24086,0.030845,-0.51346,-0.2195,0.68855,0.37655,0.57294,0.66678,0.57976,0.95744,1,-0.82483,0.37107,0.22775,-0.23358,-0.71135,-0.39111,-0.20879,-0.15096,-0.47035,-0.34701,-0.77411,-0.62102,0.27543,0.39919,0.53453,0.082376,-0.51068,-0.14896,-0.49298,-0.045785,-0.68054,-0.398,-0.039585,0.59315,0.68999,-0.16999,0.16778,0.18221,0.49236,-0.43462,0.62155,0.37302,0.015095,-0.63231,0.61586,0.52297,0.39934,0.96236,0.69265,0.82094,0.16223,-0.44909,-0.69546,-0.51672,-0.87039,0.32645,0.39799,0.50591,0.85327,0.94226,0.26506,-0.29333
0.16079,0.55513,0.7208,0.19927,-0.21809,0.44164,0.11223,0.12772,0.26073,-0.39634,-0.41249,-0.83881,0.26201,-0.38315,-0.27742,0.20877,-0.16573,0.19741,-0.47596,0.82437,0.46444,-0.84018,-0.67068,0.32159,0.53047,-0.78433,-0.35989,-0.43176,0.048211,-0.65177,0.0038482,0.027479,0.32337,0.15952,-0.23305,0.22036,0.88418,0.16084,0.02505,0.56676,0.24905,-0.55417,-0.29651,-0.32478,-0.38579,-0.54129,-0.80684,-0.82483,1,-0.063185,0.13668,0.40269,0.46771,0.12959,0.365,0.35127,0.074542,0.33353,0.90081,0.722,-0.37758,-0.56432,-0.57679,-0.33011,0.43819,-0.19812,0.14161,0.18309,0.57263,0.23502,-0.027682,-0.65963,-0.65007,0.14501,0.025458,0.091788,-0.30229,0.056471,-0.51276,0.026334,0.19983,0.29308,-0.46978,-0.32034,-0.25576,-0.76798,-0.68994,-0.93476,-0.14993,0.19906,0.77417,0.75115,0.89817,-0.058582,-0.14645,-0.48003,-0.78772,-0.78842,-0.38464,0.39562
-0.17936,-0.0057306,-0.25196,-0.064453,0.14013,-0.2116,0.13346,-0.16701,-0.0032323,-0.21637,-0.27049,-0.36383,-0.4198,0.02461,0.0011513,0.23481,-0.2203,0.056444,0.66485,-0.32853,-0.097304,0.34436,0.68342,-0.14328,-0.30422,-0.037996,-0.30987,-0.35062,0.40056,-0.095122,-0.17482,0.11207,0.26735,0.30701,-0.23886,0.15379,-0.27338,0.17307,0.71738,0.0098416,-0.11088,0.19318,-0.1459,-0.0022723,0.10056,-0.3834,0.3891,0.37107,-0.063185,1,0.16779,0.060574,0.060616,0.04021,0.36761,0.34537,-0.12484,0.13544,-0.39669,-0.46685,-0.42788,0.038282,0.37448,0.13237,-0.15276,-0.082353,-0.006122,0.066415,-0.12755,0.17948,0.45379,-0.28073,0.58048,0.31425,0.16122,-0.21061,-0.2507,-0.49754,0.06838,0.06516,0.86136,-0.12983,0.016699,-0.2733,-0.44377,0.56831,0.075042,-0.038799,-0.097458,0.1874,-0.36725,-0.41174,-0.44595,-0.12299,-0.14334,-0.26442,0.33025,0.49397,0.31448,-0.2526
0.69478,-0.036947,0.26124,-0.47981,-0.7944,-0.62645,0.049468,-0.27855,-0.65593,-0.85585,-0.80474,-0.1278,-0.86905,-0.90352,-0.91577,0.60241,0.72572,-0.27808,-0.15426,0.17486,0.45833,0.29041,-0.15502,0.76502,0.50486,0.0026703,0.42559,-0.13411,0.53203,-0.52595,0.29656,0.91706,0.91537,-0.20528,-0.0068363,-0.18263,0.19095,0.98219,-0.11018,0.21616,0.45074,-0.076897,-0.12234,0.45193,0.35605,0.098604,0.10004,0.22775,0.13668,0.16779,1,0.725,-0.32178,-0.19138,0.48971,0.53387,-0.43988,0.31109,0.28517,0.1147,0.057229,-0.62545,-0.53227,-0.88549,0.050581,-0.94342,-0.78954,0.48816,-0.087077,-0.16721,-0.12605,-0.24787,-0.30807,-0.66638,0.29698,0.54722,0.67083,-0.91764,-0.1036,0.76655,0.21099,-0.41569,-0.009531,0.48976,0.40333,0.26928,-0.12339,-0.162,0.38134,-0.48362,0.40291,0.47947,0.10301,0.32408,0.31246,-0.10962,0.17681,0.052521,-0.42386,0.60696
0.21891,0.61978,0.69737,0.16448,-0.75955,-0.35438,0.65514,0.39934,-0.016808,-0.74044,-0.84189,-0.43164,-0.47489,-0.80697,-0.8078,0.93545,0.3317,0.40421,-0.048602,0.55506,0.85008,-0.043604,-0.36605,0.81472,0.16812,-0.55534,-0.18984,-0.63703,0.1801,-0.84484,-0.33905,0.40642,0.89508,0.35055,-0.27108,0.43332,0.18909,0.68646,0.20671,0.76885,0.87285,-0.62055,-0.51434,-0.25859,-0.3243,-0.45623,-0.38619,-0.23358,0.40269,0.060574,0.725,1,0.30795,0.48573,0.87631,0.84913,0.19426,0.85001,0.48772,0.0058409,-0.40383,-0.84638,-0.67035,-0.8154,0.6294,-0.62112,-0.43223,0.20381,0.58084,0.48769,0.34684,-0.72109,-0.54605,-0.68656,-0.29831,-0.038221,0.22595,-0.60753,-0.63572,0.16246,0.41294,0.29425,-0.5644,-0.14197,-0.15219,-0.10987,-0.33389,-0.44492,0.66752,0.15095,0.51995,0.43442,0.334,-0.31561,-0.3696,-0.52467,-0.0076058,-0.37528,-0.11341,0.88388
-0.47265,0.92283,0.69721,0.93592,0.29374,0.62118,0.73942,0.85144,0.90667,-0.02704,-0.20115,-0.68176,0.41172,0.052241,0.10098,0.36898,-0.64183,0.85854,0.052377,0.49714,0.50197,-0.60415,-0.31413,0.010619,-0.2967,-0.88434,-0.88307,-0.61732,-0.070839,-0.56178,-0.79085,-0.59296,-0.05572,0.603,-0.62792,0.91729,0.13837,-0.38475,0.4525,0.58757,0.38153,-0.81796,-0.72833,-0.83637,-0.91633,-0.85329,-0.755,-0.71135,0.46771,0.060616,-0.32178,0.30795,1,0.83474,0.45048,0.34224,0.88263,0.67214,0.29235,-0.029645,-0.53879,-0.38232,-0.3188,0.070755,0.63415,0.29903,0.69848,-0.044412,0.81137,0.81068,0.57711,-0.76977,-0.33164,0.22189,-0.4663,-0.65601,-0.6945,0.28618,-0.8307,-0.74117,0.48374,0.91521,-0.85261,-0.85641,-0.80295,-0.54694,-0.55235,-0.60798,0.045861,0.91812,0.32181,-0.056781,0.40188,-0.83162,-0.8536,-0.8212,-0.48687,-0.65942,0.17267,0.24967
-0.61026,0.88042,0.54085,0.88124,0.017505,0.18166,0.96201,0.96524,0.79114,0.030567,-0.19441,-0.34936,0.22872,0.032071,0.012222,0.63508,-0.44926,0.95974,0.32529,0.32906,0.58387,-0.18287,-0.095067,0.12762,-0.58243,-0.67044,-0.80441,-0.70779,-0.27507,-0.48238,-0.96397,-0.55108,0.10475,0.76773,-0.48436,0.92389,-0.26151,-0.25215,0.54828,0.69552,0.65426,-0.71672,-0.65174,-0.88261,-0.86646,-0.75058,-0.48202,-0.39111,0.12959,0.04021,-0.19138,0.48573,0.83474,1,0.64097,0.54081,0.90308,0.84387,0.044384,-0.4155,-0.60189,-0.34946,-0.18172,-0.0024317,0.74161,0.29043,0.39519,-0.28695,0.82164,0.93552,0.75569,-0.66998,-0.18575,-0.16913,-0.7749,-0.8237,-0.49422,0.14161,-0.74255,-0.76714,0.45698,0.92003,-0.77969,-0.80602,-0.7633,-0.23196,-0.20177,-0.24293,0.51329,0.87536,0.041064,-0.26231,0.063634,-0.94917,-0.9724,-0.6476,-0.026361,-0.38822,0.47049,0.40955
-0.17928,0.692,0.52244,0.29182,-0.55447,-0.34332,0.78979,0.48604,0.19316,-0.5038,-0.68147,-0.54835,-0.33132,-0.50466,-0.5386,0.94393,0.016264,0.60265,0.34883,0.41117,0.72219,-0.0052239,-0.050585,0.53037,-0.17668,-0.60999,-0.49917,-0.86859,0.021423,-0.77642,-0.54965,0.12588,0.76714,0.70085,-0.2263,0.55412,0.026975,0.47744,0.60061,0.85318,0.78929,-0.49852,-0.43142,-0.52148,-0.40352,-0.72901,-0.28995,-0.20879,0.365,0.36761,0.48971,0.87631,0.45048,0.64097,1,0.95367,0.29751,0.89337,0.28988,-0.23458,-0.73228,-0.67204,-0.35371,-0.5067,0.68896,-0.29922,-0.26752,-0.10691,0.65669,0.7279,0.66451,-0.83025,-0.23984,-0.47403,-0.45751,-0.39897,-0.11265,-0.50067,-0.54102,-0.098936,0.67843,0.45215,-0.52204,-0.47887,-0.5252,-0.019067,-0.16951,-0.44038,0.64808,0.37324,0.20972,0.14261,0.13134,-0.48747,-0.60495,-0.52001,0.13036,-0.21417,0.26578,0.65958
-0.15924,0.58571,0.43283,0.16391,-0.57902,-0.40383,0.69436,0.38805,0.081293,-0.44062,-0.60533,-0.50022,-0.33618,-0.48047,-0.55573,0.91924,0.041591,0.51595,0.3416,0.34621,0.67181,0.043608,-0.0053411,0.45818,-0.14078,-0.52294,-0.40663,-0.86526,-0.0063626,-0.7209,-0.47264,0.18966,0.7785,0.6586,-0.15805,0.43061,0.029339,0.56482,0.62977,0.82127,0.70029,-0.39323,-0.30902,-0.45115,-0.27846,-0.64045,-0.23277,-0.15096,0.35127,0.34537,0.53387,0.84913,0.34224,0.54081,0.95367,1,0.17014,0.79223,0.29535,-0.23543,-0.75149,-0.61922,-0.31443,-0.5221,0.69077,-0.31321,-0.35278,-0.1658,0.57879,0.65024,0.58495,-0.75408,-0.16053,-0.46108,-0.44828,-0.34342,-0.094935,-0.53092,-0.43052,-0.028095,0.62424,0.35971,-0.41213,-0.3807,-0.4549,0.016883,-0.020931,-0.38236,0.61414,0.26308,0.16218,0.16676,0.10403,-0.40423,-0.52456,-0.39761,0.17398,-0.1453,0.28838,0.59748
-0.57763,0.80564,0.52705,0.98205,0.31893,0.48745,0.79203,0.95966,0.90183,0.16984,-0.016577,-0.28097,0.41585,0.19526,0.20185,0.30376,-0.53697,0.8941,0.14742,0.30052,0.43476,-0.33137,-0.19936,-0.029709,-0.5371,-0.62902,-0.75035,-0.44932,-0.24481,-0.33236,-0.87822,-0.70036,-0.22669,0.56436,-0.53507,0.91984,-0.21937,-0.52947,0.32242,0.44652,0.42909,-0.73305,-0.66915,-0.80836,-0.89117,-0.6237,-0.55142,-0.47035,0.074542,-0.12484,-0.43988,0.19426,0.88263,0.90308,0.29751,0.17014,1,0.62872,0.0065858,-0.28707,-0.36108,-0.22196,-0.1883,0.16805,0.58548,0.42897,0.67183,-0.17507,0.72521,0.79647,0.60271,-0.51185,-0.22603,0.054419,-0.64022,-0.74813,-0.5358,0.38926,-0.73868,-0.86246,0.27298,0.93024,-0.76021,-0.75382,-0.67351,-0.3573,-0.31382,-0.22698,0.24042,0.91503,0.084385,-0.30311,0.12815,-0.90159,-0.87876,-0.65066,-0.22066,-0.47898,0.3271,0.23233
-0.23374,0.87755,0.72425,0.60337,-0.43396,-0.10173,0.9347,0.76855,0.45072,-0.45627,-0.65658,-0.51118,-0.16357,-0.47178,-0.48865,0.8854,-0.040082,0.79459,0.19194,0.55717,0.86197,-0.1361,-0.25777,0.5841,-0.24857,-0.73526,-0.57638,-0.80871,-0.052985,-0.81287,-0.7306,-0.080136,0.59144,0.6721,-0.41251,0.80553,-0.018095,0.24719,0.44025,0.86671,0.90553,-0.77409,-0.67309,-0.65512,-0.66798,-0.73544,-0.49371,-0.34701,0.33353,0.13544,0.31109,0.85001,0.67214,0.84387,0.89337,0.79223,0.62872,1,0.31765,-0.2233,-0.61929,-0.74272,-0.51021,-0.4869,0.79679,-0.2053,-0.022614,-0.041845,0.83217,0.83851,0.69233,-0.84791,-0.43219,-0.46721,-0.60446,-0.49113,-0.14091,-0.29093,-0.7981,-0.33861,0.57112,0.68972,-0.75633,-0.55812,-0.53827,-0.17742,-0.33442,-0.45097,0.68658,0.60865,0.32808,0.11606,0.23529,-0.70086,-0.76372,-0.70291,-0.020154,-0.43105,0.21826,0.76942
0.34486,0.46559,0.76891,0.072709,-0.45103,0.28273,0.062545,0.10985,0.057719,-0.45425,-0.45164,-0.60632,0.18527,-0.55821,-0.48393,0.21628,0.15764,0.096556,-0.67489,0.90515,0.5826,-0.76604,-0.87663,0.53713,0.66069,-0.65272,-0.060286,-0.29557,-0.040756,-0.66761,0.15444,0.18827,0.39115,0.0014719,-0.04456,0.091488,0.90328,0.30456,-0.28839,0.56465,0.39188,-0.56037,-0.18761,-0.17451,-0.2561,-0.29072,-0.80483,-0.77411,0.90081,-0.39669,0.28517,0.48772,0.29235,0.044384,0.28988,0.29535,0.0065858,0.31765,1,0.81614,-0.17855,-0.68152,-0.78291,-0.56666,0.49018,-0.3546,-0.090222,0.206,0.54358,0.11125,-0.18381,-0.52283,-0.8638,-0.17257,-0.0063153,0.28472,0.027932,0.027733,-0.47423,0.17239,-0.107,0.20666,-0.37045,-0.03813,0.066729,-0.80082,-0.60911,-0.82751,0.038296,-0.021437,0.88161,0.92783,0.95832,0.099774,0.0069308,-0.30768,-0.72537,-0.83967,-0.50494,0.60957
0.55573,0.010214,0.43351,-0.20032,-0.15503,0.4237,-0.45371,-0.30184,-0.15458,-0.28085,-0.14439,-0.35669,0.23328,-0.33721,-0.20726,-0.29652,0.16346,-0.36274,-0.85289,0.60514,0.088286,-0.74615,-0.78801,0.24462,0.8622,-0.27791,0.24256,0.243,0.11968,-0.23888,0.56797,0.25324,0.039246,-0.45493,0.076822,-0.31481,0.94446,0.1277,-0.61442,0.0086376,-0.11358,-0.18424,0.077967,0.22337,0.064855,0.10456,-0.57367,-0.62102,0.722,-0.46685,0.1147,0.0058409,-0.029645,-0.4155,-0.23458,-0.23543,-0.28707,-0.2233,0.81614,1,0.28108,-0.28813,-0.55289,-0.29291,-0.047602,-0.28832,0.0016611,0.36796,0.0571,-0.38676,-0.61843,-0.071549,-0.68688,0.10122,0.44494,0.60189,0.11065,0.17653,-0.095401,0.37512,-0.41415,-0.17785,-0.027339,0.26568,0.36964,-0.73143,-0.57822,-0.62718,-0.40497,-0.33136,0.7819,0.86182,0.86408,0.47537,0.4492,-0.019044,-0.80779,-0.65913,-0.76064,0.18573
0.65283,-0.61492,-0.25053,-0.39198,0.12929,0.067228,-0.64317,-0.48177,-0.45982,-0.036621,0.19472,0.58641,-0.17852,-0.056216,0.056601,-0.53194,0.36686,-0.71656,-0.57133,-0.32161,-0.45353,0.15152,-0.15961,-0.0092792,0.4803,0.59548,0.69196,0.95465,0.39043,0.5106,0.59699,0.36104,-0.27889,-0.91938,0.020102,-0.53881,0.0087189,-0.0057664,-0.80541,-0.78933,-0.43074,0.29512,0.13446,0.75268,0.40064,0.82639,0.26877,0.27543,-0.37758,-0.42788,0.057229,-0.40383,-0.53879,-0.60189,-0.73228,-0.75149,-0.36108,-0.61929,-0.17855,0.28108,1,0.33973,-0.019414,0.0048384,-0.74484,-0.27223,-0.078497,0.56049,-0.69256,-0.82204,-0.81909,0.72993,-0.071529,-0.026161,0.64458,0.6941,0.52432,0.027573,0.31251,0.46223,-0.66556,-0.58748,0.29776,0.72548,0.76559,0.11266,-0.099372,0.41854,-0.37171,-0.56012,0.11542,0.068026,-0.056639,0.51655,0.69643,0.3183,-0.087141,0.12654,-0.63732,-0.23372
-0.30906,-0.63082,-0.82769,-0.20331,0.63687,0.10075,-0.50298,-0.35429,-0.028514,0.78481,0.88338,0.58725,0.3529,0.84021,0.85486,-0.6685,-0.40447,-0.37123,0.25185,-0.77791,-0.92463,0.2956,0.59885,-0.85479,-0.32282,0.67069,0.096898,0.56799,-0.17938,0.95638,0.15616,-0.37149,-0.74103,-0.23754,0.20586,-0.44359,-0.43982,-0.57269,0.027942,-0.7166,-0.78781,0.70872,0.48992,0.18873,0.27454,0.44987,0.56487,0.39919,-0.56432,0.038282,-0.62545,-0.84638,-0.38232,-0.34946,-0.67204,-0.61922,-0.22196,-0.74272,-0.68152,-0.28813,0.33973,1,0.89123,0.86248,-0.65208,0.61978,0.28438,-0.30968,-0.63268,-0.41773,-0.28989,0.76692,0.75135,0.52074,0.17132,-0.12069,-0.27404,0.47804,0.68161,-0.17484,-0.34489,-0.29509,0.50954,0.063472,0.035311,0.31784,0.50589,0.68017,-0.4612,-0.14976,-0.71926,-0.63361,-0.57212,0.14848,0.23275,0.57211,0.27579,0.56829,0.29486,-0.89912
-0.51417,-0.51247,-0.86476,-0.1758,0.51317,-0.12409,-0.27335,-0.27473,0.012888,0.71115,0.72851,0.45901,0.21348,0.81024,0.77016,-0.41842,-0.41801,-0.17198,0.62421,-0.79533,-0.78733,0.47473,0.84882,-0.79195,-0.57064,0.58368,-0.07892,0.22785,-0.24159,0.80893,-0.037048,-0.38533,-0.53468,0.094448,0.23756,-0.2915,-0.60113,-0.46827,0.37664,-0.48505,-0.60537,0.71306,0.46169,0.025105,0.25066,0.20284,0.68783,0.53453,-0.57679,0.37448,-0.53227,-0.67035,-0.3188,-0.18172,-0.35371,-0.31443,-0.1883,-0.51021,-0.78291,-0.55289,-0.019414,0.89123,1,0.83046,-0.47701,0.62803,0.16984,-0.48449,-0.49345,-0.15427,0.081068,0.54773,0.91857,0.46246,-0.025704,-0.34484,-0.33799,0.28885,0.65303,-0.234,0.011291,-0.21305,0.49357,-0.12695,-0.2012,0.53296,0.63845,0.66398,-0.2414,-0.014005,-0.89499,-0.76492,-0.7489,0.0069485,0.035064,0.4944,0.51994,0.74202,0.58619,-0.81643
-0.6334,-0.23516,-0.57869,0.21999,0.82866,0.41274,-0.20909,-0.0021794,0.42819,0.85582,0.85744,0.2416,0.6293,0.96903,0.98746,-0.60947,-0.73003,0.041471,0.36344,-0.53411,-0.74028,-0.0056061,0.51755,-0.92305,-0.52918,0.26411,-0.33638,0.24651,-0.32626,0.73374,-0.17801,-0.7372,-0.85502,0.11094,0.024115,-0.042562,-0.3675,-0.85235,0.26213,-0.44795,-0.66438,0.40462,0.25524,-0.23472,-0.1058,0.016601,0.25326,0.082376,-0.33011,0.13237,-0.88549,-0.8154,0.070755,-0.0024317,-0.5067,-0.5221,0.16805,-0.4869,-0.56666,-0.29291,0.0048384,0.86248,0.83046,1,-0.35572,0.87667,0.64739,-0.44911,-0.24321,-0.01969,0.05168,0.41281,0.66183,0.73022,-0.076761,-0.47424,-0.64479,0.69438,0.37773,-0.56519,-0.089747,0.12326,0.21543,-0.38108,-0.37789,0.071552,0.30352,0.37634,-0.48085,0.29779,-0.65105,-0.68292,-0.40722,-0.19164,-0.1479,0.25146,0.056728,0.31087,0.45982,-0.85456
-0.42766,0.80936,0.64786,0.56087,-0.3684,0.019382,0.7745,0.74916,0.49301,-0.1069,-0.33476,-0.46958,0.23368,-0.22963,-0.33159,0.62084,-0.090185,0.817,0.1125,0.67979,0.82796,-0.33071,-0.37804,0.37665,-0.26891,-0.72124,-0.51747,-0.84801,-0.47568,-0.71079,-0.61921,-0.30321,0.33397,0.74861,-0.08953,0.66604,0.13919,0.064016,0.35477,0.92409,0.76228,-0.6723,-0.33128,-0.76312,-0.58864,-0.67305,-0.61628,-0.51068,0.43819,-0.15276,0.050581,0.6294,0.63415,0.74161,0.68896,0.69077,0.58548,0.79679,0.49018,-0.047602,-0.74484,-0.65208,-0.47701,-0.35572,1,0.087599,0.028735,-0.39363,0.92526,0.83699,0.64743,-0.74585,-0.46032,-0.35261,-0.78514,-0.53936,-0.23799,0.065022,-0.62567,-0.47658,0.29439,0.76325,-0.53886,-0.54895,-0.48503,-0.42936,-0.11317,-0.48455,0.60857,0.55011,0.28244,0.24805,0.38638,-0.57451,-0.71793,-0.4153,-0.12699,-0.5382,0.35533,0.66496
-0.85717,0.065604,-0.34327,0.44684,0.68009,0.41271,0.087247,0.33276,0.6266,0.91886,0.81461,0.14935,0.8175,0.93427,0.88793,-0.4291,-0.72282,0.38761,0.39019,-0.24398,-0.41775,-0.15361,0.30868,-0.78444,-0.67348,0.015815,-0.49064,-0.063686,-0.66811,0.48962,-0.39776,-0.92882,-0.81154,0.43248,0.14259,0.1919,-0.31727,-0.89796,0.31351,-0.068933,-0.34877,0.16204,0.23739,-0.567,-0.317,-0.20028,-0.0058494,-0.14896,-0.19812,-0.082353,-0.94342,-0.62112,0.29903,0.29043,-0.29922,-0.31321,0.42897,-0.2053,-0.3546,-0.28832,-0.27223,0.61978,0.62803,0.87667,0.087599,1,0.65107,-0.72079,0.14843,0.32099,0.31166,0.17449,0.42829,0.53037,-0.46752,-0.71,-0.69694,0.83766,0.18326,-0.80757,-0.11904,0.46753,0.079838,-0.57395,-0.51734,-0.1659,0.33709,0.22264,-0.1893,0.48591,-0.56529,-0.5686,-0.24029,-0.38075,-0.42511,0.20339,0.028983,0.070065,0.65199,-0.57543
-0.47943,0.38982,0.17598,0.75269,0.85326,0.89641,0.1694,0.47431,0.8445,0.44492,0.39785,-0.29989,0.68133,0.59006,0.68016,-0.34227,-0.84557,0.43661,-0.018612,0.028755,-0.19097,-0.54161,-0.059275,-0.56432,-0.30569,-0.40746,-0.66328,-0.0059383,-0.055043,0.12285,-0.47432,-0.78696,-0.69176,0.17241,-0.52644,0.52925,0.0028612,-0.83832,0.21049,-0.10223,-0.32059,-0.35357,-0.4142,-0.51482,-0.64986,-0.40312,-0.43263,-0.49298,0.14161,-0.006122,-0.78954,-0.43223,0.69848,0.39519,-0.26752,-0.35278,0.67183,-0.022614,-0.090222,0.0016611,-0.078497,0.28438,0.16984,0.64739,0.028735,0.65107,1,-0.028031,0.26384,0.31437,0.17055,-0.14982,0.065546,0.7344,-0.11719,-0.49987,-0.79001,0.67503,-0.36846,-0.75241,0.12738,0.58963,-0.46164,-0.64687,-0.59087,-0.42494,-0.37828,-0.22255,-0.52048,0.73292,-0.0054302,-0.3594,0.15577,-0.55759,-0.48301,-0.4567,-0.51412,-0.36584,0.10601,-0.42543
0.81801,-0.049871,0.34804,-0.1347,-0.059735,0.19172,-0.23569,-0.2627,-0.26053,-0.72191,-0.55625,-0.1975,-0.50269,-0.59838,-0.43005,0.02822,0.29393,-0.39494,-0.55858,0.11565,0.10843,-0.12193,-0.33615,0.42738,0.66384,-0.079649,0.27256,0.38946,0.88615,-0.23486,0.31966,0.59167,0.31605,-0.64947,-0.52456,-0.038857,0.33652,0.38487,-0.39755,-0.2991,-0.058694,-0.27863,-0.50178,0.54171,0.045803,0.19508,-0.13653,-0.045785,0.18309,0.066415,0.48816,0.20381,-0.044412,-0.28695,-0.10691,-0.1658,-0.17507,-0.041845,0.206,0.36796,0.56049,-0.30968,-0.48449,-0.44911,-0.39363,-0.72079,-0.028031,1,-0.26854,-0.4305,-0.46362,-0.04116,-0.35931,0.0059489,0.70394,0.66262,0.36309,-0.46288,-0.31928,0.53832,0.079416,-0.33759,-0.28435,0.3909,0.36812,-0.010261,-0.6793,-0.24117,-0.34667,-0.2076,0.59887,0.34029,0.29972,0.22013,0.37507,-0.44334,-0.38495,-0.21572,-0.82634,0.17588
-0.43436,0.93718,0.77526,0.74121,-0.22176,0.26697,0.80037,0.82692,0.69431,-0.13302,-0.34474,-0.60906,0.35417,-0.18774,-0.2056,0.55874,-0.26991,0.87167,0.0071666,0.77474,0.79643,-0.5265,-0.47489,0.34963,-0.22384,-0.87282,-0.68608,-0.79895,-0.39772,-0.72156,-0.69639,-0.42993,0.23881,0.71634,-0.29863,0.79474,0.23758,-0.10902,0.32864,0.90321,0.73765,-0.81906,-0.52663,-0.85201,-0.79491,-0.77999,-0.76986,-0.68054,0.57263,-0.12755,-0.087077,0.58084,0.81137,0.82164,0.65669,0.57879,0.72521,0.83217,0.54358,0.0571,-0.69256,-0.63268,-0.49345,-0.24321,0.92526,0.14843,0.26384,-0.26854,1,0.86535,0.61748,-0.81321,-0.54555,-0.17859,-0.72677,-0.58044,-0.40168,0.19072,-0.78474,-0.5875,0.34541,0.86553,-0.73213,-0.70252,-0.60586,-0.57617,-0.3845,-0.62234,0.47353,0.72332,0.40196,0.25432,0.51592,-0.69219,-0.79402,-0.61539,-0.34473,-0.69747,0.24795,0.63275
-0.6904,0.868,0.49149,0.78295,-0.029476,0.10598,0.93192,0.8811,0.74067,0.029731,-0.23006,-0.48443,0.23195,0.037718,-0.03171,0.63357,-0.42651,0.97816,0.46458,0.37761,0.61305,-0.20291,-0.024832,0.11275,-0.60758,-0.71904,-0.82503,-0.88105,-0.36088,-0.57101,-0.89423,-0.53869,0.16467,0.92136,-0.29351,0.87493,-0.17343,-0.19286,0.67178,0.80565,0.63794,-0.62697,-0.48728,-0.91796,-0.75105,-0.8683,-0.45577,-0.398,0.23502,0.17948,-0.16721,0.48769,0.81068,0.93552,0.7279,0.65024,0.79647,0.83851,0.11125,-0.38676,-0.82204,-0.41773,-0.15427,-0.01969,0.83699,0.32099,0.31437,-0.4305,0.86535,1,0.89196,-0.77876,-0.13252,-0.12534,-0.79561,-0.84884,-0.52487,0.098749,-0.64252,-0.72733,0.57704,0.89683,-0.63792,-0.84955,-0.82836,-0.2248,-0.10783,-0.3611,0.50769,0.83349,-0.0077225,-0.20082,0.078476,-0.84472,-0.95189,-0.572,0.013172,-0.33688,0.58065,0.39495
-0.7114,0.60832,0.1756,0.56475,0.0054527,-0.13058,0.80654,0.66317,0.5432,0.042801,-0.21841,-0.33308,0.030143,0.10511,-0.014318,0.541,-0.29488,0.83382,0.75225,0.10339,0.45073,0.12726,0.31807,0.053476,-0.76008,-0.45682,-0.68082,-0.82378,-0.30304,-0.41666,-0.77158,-0.44336,0.16335,0.9199,-0.10213,0.7347,-0.39926,-0.14513,0.76069,0.63556,0.50597,-0.34153,-0.29895,-0.72506,-0.47315,-0.75317,-0.079283,-0.039585,-0.027682,0.45379,-0.12605,0.34684,0.57711,0.75569,0.66451,0.58495,0.60271,0.69233,-0.18381,-0.61843,-0.81909,-0.28989,0.081068,0.05168,0.64743,0.31166,0.17055,-0.46362,0.61748,0.89196,1,-0.63041,0.16647,-0.09051,-0.69486,-0.80747,-0.37956,-0.059048,-0.37929,-0.59833,0.69815,0.67226,-0.34798,-0.72528,-0.75799,0.14473,0.13571,-0.1367,0.50358,0.69345,-0.30342,-0.41157,-0.25207,-0.67426,-0.80862,-0.39325,0.33788,0.04547,0.74285,0.23243
0.18302,-0.88579,-0.77764,-0.55592,0.24037,-0.16712,-0.73971,-0.60218,-0.4888,0.48624,0.66213,0.86055,0.044703,0.43056,0.42263,-0.71279,0.21738,-0.7113,-0.10793,-0.65308,-0.7649,0.45955,0.32654,-0.43094,0.04289,0.91679,0.6792,0.86097,-0.087556,0.91217,0.55736,0.082815,-0.52292,-0.65643,0.41581,-0.73754,-0.33433,-0.21108,-0.50895,-0.83571,-0.64425,0.7482,0.60803,0.64243,0.61507,0.91267,0.66208,0.59315,-0.65963,-0.28073,-0.24787,-0.72109,-0.76977,-0.66998,-0.83025,-0.75408,-0.51185,-0.84791,-0.52283,-0.071549,0.72993,0.76692,0.54773,0.41281,-0.74585,0.17449,-0.14982,-0.04116,-0.81321,-0.77876,-0.63041,1,0.45038,0.12992,0.34926,0.39389,0.35458,0.24064,0.76588,0.27436,-0.69413,-0.65201,0.7116,0.64498,0.65002,0.39569,0.51828,0.79756,-0.2977,-0.59523,-0.48352,-0.28104,-0.47438,0.5476,0.66166,0.77512,0.3383,0.57421,-0.062968,-0.58509
-0.42514,-0.51868,-0.85951,-0.22851,0.46388,-0.25534,-0.21118,-0.30345,-0.098834,0.53068,0.53331,0.38299,-0.068074,0.65394,0.56157,-0.27125,-0.31445,-0.17324,0.73497,-0.87212,-0.68165,0.63455,0.96589,-0.7151,-0.58225,0.59119,-0.023512,0.13853,-0.02327,0.66795,-0.047983,-0.1912,-0.35829,0.094027,0.13828,-0.24024,-0.69537,-0.25044,0.49782,-0.49012,-0.56669,0.71318,0.37702,0.13374,0.35992,0.17118,0.78456,0.68999,-0.65007,0.58048,-0.30807,-0.54605,-0.33164,-0.18575,-0.23984,-0.16053,-0.22603,-0.43219,-0.8638,-0.68688,-0.071529,0.75135,0.91857,0.66183,-0.46032,0.42829,0.065546,-0.35931,-0.54555,-0.13252,0.16647,0.45038,1,0.40072,0.055969,-0.29005,-0.24331,-0.01134,0.62382,-0.11371,0.22852,-0.28952,0.49366,-0.044898,-0.18883,0.73194,0.68251,0.65889,-0.20852,-0.038784,-0.91147,-0.81884,-0.86654,0.012876,0.050444,0.39541,0.63407,0.86391,0.57337,-0.76893
-0.28543,-0.11081,-0.24676,0.18734,0.83326,0.70626,-0.35449,-0.16071,0.40382,0.43538,0.48597,-0.25768,0.52211,0.63577,0.70906,-0.62939,-0.70335,-0.076117,0.044878,-0.20056,-0.55153,-0.35458,0.24051,-0.7275,-0.094937,-0.064991,-0.34228,0.17379,0.07123,0.38491,0.0086838,-0.4909,-0.64449,-0.082077,-0.2651,0.0089674,0.10515,-0.63271,0.21916,-0.39327,-0.72757,0.14912,-0.0076723,-0.088148,-0.11855,-0.12873,-0.040997,-0.16999,0.14501,0.31425,-0.66638,-0.68656,0.22189,-0.16913,-0.47403,-0.46108,0.054419,-0.46721,-0.17257,0.10122,-0.026161,0.52074,0.46246,0.73022,-0.35261,0.53037,0.7344,0.0059489,-0.17859,-0.12534,-0.09051,0.12992,0.40072,1,0.25356,-0.15243,-0.66669,0.49204,0.11453,-0.32163,0.15668,0.025738,0.024658,-0.3205,-0.34468,-0.13716,-0.14923,-0.11818,-0.823,0.30401,-0.18738,-0.28755,0.010714,-0.059247,0.0019823,-0.11253,-0.38641,0.023794,0.046145,-0.74716
0.74452,-0.57449,-0.22,-0.57967,0.15381,0.081208,-0.73918,-0.7636,-0.56356,-0.33521,-0.10416,0.0030333,-0.39142,-0.21112,-0.087667,-0.41942,0.22756,-0.80752,-0.40079,-0.27932,-0.46496,-0.013602,-0.0050211,-0.049718,0.68129,0.35246,0.50936,0.65397,0.76081,0.21084,0.75344,0.59707,0.0071643,-0.77644,-0.027119,-0.58787,0.35373,0.27245,-0.41717,-0.68016,-0.60192,0.38786,0.15857,0.8001,0.55754,0.44629,0.23563,0.16778,0.025458,0.16122,0.29698,-0.29831,-0.4663,-0.7749,-0.45751,-0.44828,-0.64022,-0.60446,-0.0063153,0.44494,0.64458,0.17132,-0.025704,-0.076761,-0.78514,-0.46752,-0.11719,0.70394,-0.72677,-0.79561,-0.69486,0.34926,0.055969,0.25356,1,0.78706,0.30589,-0.31974,0.36068,0.71271,-0.13316,-0.73231,0.34626,0.57919,0.50835,0.12703,-0.2706,-0.042593,-0.6769,-0.60863,0.22433,0.21587,0.06786,0.68863,0.77351,0.13614,-0.2406,0.15804,-0.72046,-0.36152
0.94018,-0.57815,-0.051561,-0.7404,-0.32795,-0.16199,-0.73333,-0.7633,-0.78875,-0.4938,-0.2641,0.16859,-0.45507,-0.52815,-0.45446,-0.29964,0.68394,-0.85351,-0.65485,0.034863,-0.14183,0.031791,-0.32082,0.36312,0.86481,0.38219,0.82862,0.62771,0.51807,0.064482,0.88864,0.80647,0.25508,-0.86474,0.19563,-0.70034,0.46505,0.54546,-0.73797,-0.46337,-0.25729,0.27047,0.24483,0.89042,0.65406,0.67106,0.15908,0.18221,0.091788,-0.21061,0.54722,-0.038221,-0.65601,-0.8237,-0.39897,-0.34342,-0.74813,-0.49113,0.28472,0.60189,0.6941,-0.12069,-0.34484,-0.47424,-0.53936,-0.71,-0.49987,0.66262,-0.58044,-0.84884,-0.80747,0.39389,-0.29005,-0.15243,0.78706,1,0.71552,-0.38751,0.30222,0.90112,-0.42035,-0.80423,0.39392,0.87719,0.86898,0.046529,-0.19571,-0.017661,-0.31248,-0.82391,0.43676,0.59298,0.26004,0.83707,0.90314,0.28414,-0.19116,0.028454,-0.81796,0.076863
0.7039,-0.47392,-0.10184,-0.64613,-0.64154,-0.63607,-0.3159,-0.45385,-0.80635,-0.48343,-0.37786,0.48534,-0.66287,-0.60832,-0.65023,0.049476,0.97786,-0.54591,-0.27405,-0.030925,0.14565,0.4861,-0.14287,0.62853,0.42167,0.49513,0.85818,0.39291,0.21811,-0.015816,0.58887,0.7722,0.43643,-0.52833,0.39775,-0.49752,-0.022061,0.64224,-0.63225,-0.20984,0.2124,0.22724,0.25363,0.72659,0.62443,0.65959,0.38579,0.49236,-0.30229,-0.2507,0.67083,0.22595,-0.6945,-0.49422,-0.11265,-0.094935,-0.5358,-0.14091,0.027932,0.11065,0.52432,-0.27404,-0.33799,-0.64479,-0.23799,-0.69694,-0.79001,0.36309,-0.40168,-0.52487,-0.37956,0.35458,-0.24331,-0.66669,0.30589,0.71552,1,-0.53869,0.26365,0.75627,-0.37505,-0.62911,0.41466,0.85395,0.85486,0.36799,0.16435,0.313,0.33277,-0.73659,0.1532,0.35211,-0.097736,0.6249,0.63977,0.37671,0.34882,0.25651,-0.40234,0.4052
-0.53281,0.08463,-0.072004,0.42517,0.58409,0.65187,-0.10098,0.28035,0.58375,0.78496,0.75895,0.13409,0.96326,0.73939,0.77511,-0.59138,-0.57296,0.22203,-0.15419,0.08092,-0.32312,-0.48459,-0.1841,-0.57434,-0.25651,-0.077056,-0.30356,0.17462,-0.64023,0.42593,-0.16875,-0.83619,-0.83914,0.10656,0.11232,0.092971,0.070961,-0.88973,-0.14419,-0.098245,-0.32461,-0.037951,0.16962,-0.43877,-0.37592,-0.017542,-0.31442,-0.43462,0.056471,-0.49754,-0.91764,-0.60753,0.28618,0.14161,-0.50067,-0.53092,0.38926,-0.29093,0.027733,0.17653,0.027573,0.47804,0.28885,0.69438,0.065022,0.83766,0.67503,-0.46288,0.19072,0.098749,-0.059048,0.24064,-0.01134,0.49204,-0.31974,-0.38751,-0.53869,1,0.038214,-0.67064,-0.47231,0.42342,-0.024361,-0.37421,-0.22605,-0.53808,0.016915,0.03319,-0.3061,0.35268,-0.13546,-0.15088,0.19166,-0.21422,-0.22398,0.16984,-0.35955,-0.30913,0.23407,-0.39299
0.035101,-0.904,-0.90926,-0.76603,0.10979,-0.42295,-0.72209,-0.7619,-0.63434,0.45708,0.57048,0.60998,-0.070666,0.4174,0.33104,-0.57155,0.21421,-0.69386,0.23507,-0.67467,-0.76238,0.49939,0.54858,-0.48233,-0.021047,0.86137,0.59446,0.51786,-0.1561,0.74197,0.64661,0.18165,-0.31948,-0.33085,0.7316,-0.85176,-0.23428,-0.0060451,-0.16985,-0.62959,-0.64677,0.98757,0.91561,0.57038,0.84727,0.64477,0.7714,0.62155,-0.51276,0.06838,-0.1036,-0.63572,-0.8307,-0.74255,-0.54102,-0.43052,-0.73868,-0.7981,-0.47423,-0.095401,0.31251,0.68161,0.65303,0.37773,-0.62567,0.18326,-0.36846,-0.31928,-0.78474,-0.64252,-0.37929,0.76588,0.62382,0.11453,0.36068,0.30222,0.26365,0.038214,1,0.38927,-0.40634,-0.72115,0.96267,0.53033,0.46059,0.4795,0.73032,0.60666,-0.24282,-0.7078,-0.62868,-0.24461,-0.53925,0.71023,0.66693,0.91973,0.49063,0.73636,0.16342,-0.62994
0.87157,-0.58115,-0.15619,-0.86878,-0.53062,-0.4991,-0.59341,-0.80437,-0.92321,-0.59632,-0.4065,0.1435,-0.70356,-0.61921,-0.58786,-0.021831,0.75668,-0.81241,-0.34589,-0.081297,-0.092734,0.27851,-0.069478,0.43506,0.73483,0.42123,0.78368,0.40031,0.5406,-0.022853,0.81856,0.95047,0.52712,-0.65361,0.28422,-0.71664,0.31617,0.78441,-0.45943,-0.31749,-0.12218,0.39134,0.3117,0.86329,0.76002,0.54926,0.3571,0.37302,0.026334,0.06516,0.76655,0.16246,-0.74117,-0.76714,-0.098936,-0.028095,-0.86246,-0.33861,0.17239,0.37512,0.46223,-0.17484,-0.234,-0.56519,-0.47658,-0.80757,-0.75241,0.53832,-0.5875,-0.72733,-0.59833,0.27436,-0.11371,-0.32163,0.71271,0.90112,0.75627,-0.67064,0.38927,1,-0.17674,-0.86426,0.46652,0.82946,0.75685,0.29796,-0.0073876,0.039758,-0.09635,-0.87531,0.26871,0.49909,0.054707,0.81824,0.83544,0.32435,0.097313,0.25519,-0.62203,0.1397
-0.27126,0.48132,0.21852,0.32697,0.022393,-0.052839,0.54695,0.27895,0.31638,-0.37563,-0.51658,-0.64911,-0.32806,-0.16853,-0.19083,0.5578,-0.29915,0.4771,0.57103,0.054415,0.34934,0.07679,0.36702,0.10091,-0.33628,-0.48571,-0.60271,-0.69007,0.33525,-0.50844,-0.51862,-0.016992,0.42547,0.56777,-0.48088,0.58114,-0.14811,0.18274,0.80455,0.4175,0.27684,-0.29726,-0.50974,-0.36257,-0.31326,-0.73184,-0.040075,0.015095,0.19983,0.86136,0.21099,0.41294,0.48374,0.45698,0.67843,0.62424,0.27298,0.57112,-0.107,-0.41415,-0.66556,-0.34489,0.011291,-0.089747,0.29439,-0.11904,0.12738,0.079416,0.34541,0.57704,0.69815,-0.69413,0.22852,0.15668,-0.13316,-0.42035,-0.37505,-0.47231,-0.40634,-0.17674,1,0.30106,-0.42206,-0.55361,-0.67955,0.26627,-0.19517,-0.35252,0.12227,0.52836,-0.066324,-0.2552,-0.15274,-0.48034,-0.51945,-0.6438,0.11282,0.088808,0.30777,0.11793
-0.65557,0.88792,0.58278,0.93282,0.1954,0.44769,0.82032,0.95492,0.90275,0.18553,-0.031698,-0.43253,0.52139,0.17595,0.1689,0.39202,-0.57664,0.95191,0.16792,0.44339,0.51008,-0.4646,-0.26489,-0.010564,-0.49546,-0.75597,-0.84188,-0.64906,-0.39103,-0.4442,-0.86782,-0.72107,-0.12424,0.74201,-0.38761,0.88917,-0.035733,-0.45899,0.43603,0.66566,0.48575,-0.73764,-0.54734,-0.9423,-0.90724,-0.7722,-0.66836,-0.63231,0.29308,-0.12983,-0.41569,0.29425,0.91521,0.92003,0.45215,0.35971,0.93024,0.68972,0.20666,-0.17785,-0.58748,-0.29509,-0.21305,0.12326,0.76325,0.46753,0.58963,-0.33759,0.86553,0.89683,0.67226,-0.65201,-0.28952,0.025738,-0.73231,-0.80423,-0.62911,0.42342,-0.72115,-0.86426,0.30106,1,-0.73969,-0.86121,-0.77437,-0.5114,-0.28957,-0.39437,0.29323,0.89448,0.13892,-0.14619,0.27478,-0.87117,-0.93356,-0.59489,-0.27124,-0.57832,0.4096,0.29398
0.11507,-0.88917,-0.82839,-0.80762,-0.00039624,-0.46979,-0.72463,-0.77028,-0.70297,0.34541,0.44513,0.58385,-0.13339,0.28023,0.16474,-0.55844,0.38955,-0.69103,0.18559,-0.55103,-0.62568,0.48951,0.44491,-0.32377,0.041014,0.82308,0.69656,0.47636,-0.17388,0.61718,0.72065,0.26627,-0.2384,-0.33921,0.82508,-0.84992,-0.16528,0.085345,-0.26735,-0.56092,-0.5522,0.92873,0.93419,0.61987,0.91044,0.66143,0.73734,0.61586,-0.46978,0.016699,-0.009531,-0.5644,-0.85261,-0.77969,-0.52204,-0.41213,-0.76021,-0.75633,-0.37045,-0.027339,0.29776,0.50954,0.49357,0.21543,-0.53886,0.079838,-0.46164,-0.28435,-0.73213,-0.63792,-0.34798,0.7116,0.49366,0.024658,0.34626,0.39392,0.41466,-0.024361,0.96267,0.46652,-0.42206,-0.73969,1,0.62323,0.56454,0.45686,0.71269,0.5356,-0.18168,-0.76205,-0.5346,-0.11306,-0.46232,0.79654,0.72339,0.92007,0.48599,0.68914,0.11257,-0.48772
0.76467,-0.76523,-0.34219,-0.81641,-0.35426,-0.43888,-0.69979,-0.74088,-0.89354,-0.25116,-0.053474,0.55337,-0.50406,-0.35839,-0.38257,-0.31953,0.79763,-0.8457,-0.41425,-0.23389,-0.23732,0.40446,-0.065563,0.25474,0.56733,0.69648,0.98795,0.68656,0.2894,0.29796,0.83313,0.74915,0.15217,-0.814,0.40503,-0.78358,0.065613,0.50631,-0.71911,-0.55984,-0.24316,0.49731,0.45387,0.92827,0.81761,0.88451,0.47367,0.52297,-0.32034,-0.2733,0.48976,-0.14197,-0.85641,-0.80602,-0.47887,-0.3807,-0.75382,-0.55812,-0.03813,0.26568,0.72548,0.063472,-0.12695,-0.38108,-0.54895,-0.57395,-0.64687,0.3909,-0.70252,-0.84955,-0.72528,0.64498,-0.044898,-0.3205,0.57919,0.87719,0.85395,-0.37421,0.53033,0.82946,-0.55361,-0.86121,0.62323,1,0.97389,0.34028,0.23397,0.39137,-0.085823,-0.89975,0.073856,0.31762,-0.11031,0.82851,0.90037,0.56742,0.20719,0.34616,-0.52815,0.0084407
0.75241,-0.70004,-0.24924,-0.73744,-0.36905,-0.34694,-0.68623,-0.66289,-0.81236,-0.21348,-0.018255,0.56853,-0.36601,-0.34869,-0.35273,-0.36938,0.80011,-0.79845,-0.53667,-0.10386,-0.18406,0.2843,-0.22114,0.30114,0.59925,0.63684,0.97611,0.71603,0.17538,0.2906,0.82085,0.65999,0.085354,-0.82178,0.42557,-0.74832,0.1455,0.4106,-0.84353,-0.51103,-0.18437,0.40266,0.43475,0.86084,0.71967,0.894,0.34895,0.39934,-0.25576,-0.44377,0.40333,-0.15219,-0.80295,-0.7633,-0.5252,-0.4549,-0.67351,-0.53827,0.066729,0.36964,0.76559,0.035311,-0.2012,-0.37789,-0.48503,-0.51734,-0.59087,0.36812,-0.60586,-0.82836,-0.75799,0.65002,-0.18883,-0.34468,0.50835,0.86898,0.85486,-0.22605,0.46059,0.75685,-0.67955,-0.77437,0.56454,0.97389,1,0.18851,0.15535,0.34773,-0.057799,-0.85894,0.16466,0.40455,0.015307,0.80387,0.87263,0.5616,0.10301,0.20329,-0.56586,0.080864
0.012055,-0.5399,-0.67823,-0.43218,-0.060177,-0.68354,-0.10525,-0.36296,-0.47146,-0.022116,-0.0022348,0.50474,-0.64341,0.05912,-0.045983,0.063616,0.30179,-0.29016,0.62773,-0.74321,-0.30726,0.95254,0.83348,-0.090009,-0.38224,0.67155,0.34158,0.16161,0.23613,0.38279,0.076415,0.33023,0.15112,-0.089178,0.13481,-0.25381,-0.75851,0.26749,0.24816,-0.39804,-0.14025,0.5759,0.20602,0.44575,0.532,0.3633,0.91384,0.96236,-0.76798,0.56831,0.26928,-0.10987,-0.54694,-0.23196,-0.019067,0.016883,-0.3573,-0.17742,-0.80082,-0.73143,0.11266,0.31784,0.53296,0.071552,-0.42936,-0.1659,-0.42494,-0.010261,-0.57617,-0.2248,0.14473,0.39569,0.73194,-0.13716,0.12703,0.046529,0.36799,-0.53808,0.4795,0.29796,0.26627,-0.5114,0.45686,0.34028,0.18851,1,0.60815,0.72423,0.19105,-0.28235,-0.69503,-0.59716,-0.89594,0.1581,0.22396,0.30835,0.85976,0.9304,0.33402,-0.262
-0.38622,-0.54815,-0.78802,-0.41003,-0.022891,-0.61059,-0.15621,-0.24115,-0.35487,0.56678,0.52098,0.6595,-0.051697,0.44992,0.2406,-0.15257,0.1497,-0.15858,0.59775,-0.62911,-0.396,0.71322,0.67468,-0.39423,-0.52641,0.69339,0.31965,0.057018,-0.48155,0.54748,0.091994,-0.066396,-0.19957,0.15675,0.64473,-0.41171,-0.64216,-0.01965,0.19902,-0.21871,-0.21065,0.7274,0.71435,0.13476,0.54498,0.38188,0.73822,0.69265,-0.68994,0.075042,-0.12339,-0.33389,-0.55235,-0.20177,-0.16951,-0.020931,-0.31382,-0.33442,-0.60911,-0.57822,-0.099372,0.50589,0.63845,0.30352,-0.11317,0.33709,-0.37828,-0.6793,-0.3845,-0.10783,0.13571,0.51828,0.68251,-0.14923,-0.2706,-0.19571,0.16435,0.016915,0.73032,-0.0073876,-0.19517,-0.28957,0.71269,0.23397,0.15535,0.60815,1,0.74243,0.26793,-0.32211,-0.83391,-0.49976,-0.74684,0.20989,0.14205,0.76589,0.81018,0.76911,0.65284,-0.35833
-0.12504,-0.66117,-0.79088,-0.33092,0.13481,-0.46336,-0.25392,-0.25248,-0.33725,0.47385,0.53066,0.9262,-0.1565,0.42783,0.34443,-0.2815,0.17978,-0.32469,0.36907,-0.80482,-0.55168,0.81968,0.64164,-0.3524,-0.43294,0.86825,0.43236,0.50638,-0.1616,0.78811,0.092372,-0.015141,-0.33091,-0.24588,0.30147,-0.38893,-0.80809,-0.14885,-0.09436,-0.58609,-0.30883,0.63727,0.4073,0.36874,0.42913,0.67139,0.82498,0.82094,-0.93476,-0.038799,-0.162,-0.44492,-0.60798,-0.24293,-0.44038,-0.38236,-0.22698,-0.45097,-0.82751,-0.62718,0.41854,0.68017,0.66398,0.37634,-0.48455,0.22264,-0.22255,-0.24117,-0.62234,-0.3611,-0.1367,0.79756,0.65889,-0.11818,-0.042593,-0.017661,0.313,0.03319,0.60666,0.039758,-0.35252,-0.39437,0.5356,0.39137,0.34773,0.72423,0.74243,1,0.13375,-0.31064,-0.77096,-0.65023,-0.84007,0.14145,0.24557,0.61932,0.76094,0.79237,0.35964,-0.42929
-0.19563,0.35113,0.22731,0.12412,-0.71154,-0.64165,0.65658,0.45111,-0.032759,-0.21166,-0.37599,0.14513,-0.28407,-0.37138,-0.48979,0.70989,0.4039,0.45253,0.29514,0.24693,0.64059,0.37839,-0.03093,0.58242,-0.34409,-0.10285,-0.03756,-0.508,-0.38721,-0.38811,-0.41094,0.092345,0.53943,0.49726,0.16405,0.31333,-0.33105,0.36593,0.16418,0.63562,0.86321,-0.25658,-0.10573,-0.31893,-0.16709,-0.16891,0.019575,0.16223,-0.14993,-0.097458,0.38134,0.66752,0.045861,0.51329,0.64808,0.61414,0.24042,0.68658,0.038296,-0.40497,-0.37171,-0.4612,-0.2414,-0.48085,0.60857,-0.1893,-0.52048,-0.34667,0.47353,0.50769,0.50358,-0.2977,-0.20852,-0.823,-0.6769,-0.31248,0.33277,-0.3061,-0.24282,-0.09635,0.12227,0.29323,-0.18168,-0.085823,-0.057799,0.19105,0.26793,0.13375,1,0.11254,-0.062798,0.025677,-0.15076,-0.31486,-0.40282,-0.024929,0.50215,0.026865,0.41,0.71949
-0.67919,0.80732,0.44732,0.95342,0.39805,0.52717,0.75635,0.85871,0.95667,0.17358,-0.018565,-0.47277,0.44123,0.28159,0.29932,0.29483,-0.7104,0.89146,0.29874,0.27133,0.35709,-0.34828,-0.016603,-0.15309,-0.58458,-0.69354,-0.90761,-0.58187,-0.20184,-0.31863,-0.91038,-0.74375,-0.19454,0.66704,-0.61583,0.92848,-0.18685,-0.54187,0.57421,0.47834,0.31822,-0.66877,-0.68179,-0.86137,-0.89908,-0.76991,-0.49966,-0.44909,0.19906,0.1874,-0.48362,0.15095,0.91812,0.87536,0.37324,0.26308,0.91503,0.60865,-0.021437,-0.33136,-0.56012,-0.14976,-0.014005,0.29779,0.55011,0.48591,0.73292,-0.2076,0.72332,0.83349,0.69345,-0.59523,-0.038784,0.30401,-0.60863,-0.82391,-0.73659,0.35268,-0.7078,-0.87531,0.52836,0.89448,-0.76205,-0.89975,-0.85894,-0.28235,-0.32211,-0.31064,0.11254,1,-0.0029086,-0.35905,0.09126,-0.93221,-0.91749,-0.72234,-0.23066,-0.3848,0.43072,0.089798
0.59195,0.4571,0.85645,0.14065,-0.36168,0.36518,0.064144,0.12304,0.040626,-0.66728,-0.60943,-0.56067,-0.041804,-0.70503,-0.56739,0.23717,0.21645,0.019128,-0.80059,0.80541,0.57691,-0.69862,-0.90601,0.63784,0.76436,-0.62148,0.0035265,-0.083202,0.33584,-0.67927,0.14677,0.33745,0.41767,-0.24747,-0.34707,0.1766,0.82017,0.34777,-0.42093,0.35441,0.37072,-0.68015,-0.47592,0.0088121,-0.30525,-0.19529,-0.78089,-0.69546,0.77417,-0.36725,0.40291,0.51995,0.32181,0.041064,0.20972,0.16218,0.084385,0.32808,0.88161,0.7819,0.11542,-0.71926,-0.89499,-0.65105,0.28244,-0.56529,-0.0054302,0.59887,0.40196,-0.0077225,-0.30342,-0.48352,-0.91147,-0.18738,0.22433,0.43676,0.1532,-0.13546,-0.62868,0.26871,-0.066324,0.13892,-0.5346,0.073856,0.16466,-0.69503,-0.83391,-0.77096,-0.062798,-0.0029086,1,0.85195,0.91253,0.051129,0.064246,-0.52445,-0.78041,-0.84377,-0.76709,0.62377
0.61213,0.15707,0.59145,-0.25876,-0.59557,0.064954,-0.19401,-0.19764,-0.29211,-0.56299,-0.48781,-0.39133,-0.046911,-0.68336,-0.61331,0.11297,0.46074,-0.22831,-0.75243,0.77461,0.46574,-0.55375,-0.82058,0.6338,0.83363,-0.36544,0.29412,-0.052762,0.079129,-0.53563,0.45991,0.47886,0.47356,-0.27505,0.11955,-0.21053,0.88209,0.50123,-0.51109,0.34802,0.30404,-0.33154,-0.009077,0.17951,0.069763,0.024684,-0.55726,-0.51672,0.75115,-0.41174,0.47947,0.43442,-0.056781,-0.26231,0.14261,0.16676,-0.30311,0.11606,0.92783,0.86182,0.068026,-0.63361,-0.76492,-0.68292,0.24805,-0.5686,-0.3594,0.34029,0.25432,-0.20082,-0.41157,-0.28104,-0.81884,-0.28755,0.21587,0.59298,0.35211,-0.15088,-0.24461,0.49909,-0.2552,-0.14619,-0.11306,0.31762,0.40455,-0.59716,-0.49976,-0.65023,0.025677,-0.35905,0.85195,1,0.8527,0.41137,0.3432,-0.089319,-0.58558,-0.63766,-0.66341,0.59413
0.32835,0.48891,0.79277,0.21295,-0.22074,0.52522,0.01987,0.16221,0.21199,-0.36991,-0.34416,-0.61518,0.32177,-0.43075,-0.30893,0.065153,-0.0047384,0.10806,-0.76291,0.87425,0.47516,-0.89093,-0.91838,0.40781,0.66226,-0.68708,-0.14377,-0.16545,0.021703,-0.5773,0.11591,0.047869,0.19015,-0.084463,-0.19103,0.15774,0.9162,0.095956,-0.34721,0.4305,0.25651,-0.62159,-0.29372,-0.19976,-0.37639,-0.2918,-0.88433,-0.87039,0.89817,-0.44595,0.10301,0.334,0.40188,0.063634,0.13134,0.10403,0.12815,0.23529,0.95832,0.86408,-0.056639,-0.57212,-0.7489,-0.40722,0.38638,-0.24029,0.15577,0.29972,0.51592,0.078476,-0.25207,-0.47438,-0.86654,0.010714,0.06786,0.26004,-0.097736,0.19166,-0.53925,0.054707,-0.15274,0.27478,-0.46232,-0.11031,0.015307,-0.89594,-0.74684,-0.84007,-0.15076,0.09126,0.91253,0.8527,1,0.026753,-0.020282,-0.40011,-0.88068,-0.92371,-0.58531,0.47622
0.6344,-0.79408,-0.42789,-0.90603,-0.22816,-0.31664,-0.86017,-0.90759,-0.85502,-0.13434,0.05251,0.30907,-0.29039,-0.19281,-0.20099,-0.49738,0.61634,-0.89455,-0.33536,-0.1725,-0.39991,0.16242,-0.032897,0.069991,0.61733,0.59672,0.8475,0.58402,0.1835,0.30327,0.98589,0.62942,0.046879,-0.66178,0.63897,-0.90896,0.34279,0.3849,-0.59696,-0.50951,-0.4486,0.6572,0.7102,0.83781,0.89023,0.68969,0.40853,0.32645,-0.058582,-0.12299,0.32408,-0.31561,-0.83162,-0.94917,-0.48747,-0.40423,-0.90159,-0.70086,0.099774,0.47537,0.51655,0.14848,0.0069485,-0.19164,-0.57451,-0.38075,-0.55759,0.22013,-0.69219,-0.84472,-0.67426,0.5476,0.012876,-0.059247,0.68863,0.83707,0.6249,-0.21422,0.71023,0.81824,-0.48034,-0.87117,0.79654,0.82851,0.80387,0.1581,0.20989,0.14145,-0.31486,-0.93221,0.051129,0.41137,0.026753,1,0.95361,0.67875,0.056987,0.30184,-0.45828,-0.19186
0.72761,-0.84738,-0.44077,-0.87791,-0.14717,-0.2415,-0.91253,-0.9245,-0.84555,-0.1488,0.08452,0.39407,-0.33122,-0.18077,-0.15422,-0.55141,0.59092,-0.9652,-0.42614,-0.25819,-0.47362,0.20623,-0.017474,0.032014,0.65795,0.66674,0.89234,0.74602,0.31693,0.40586,0.975,0.65574,-0.010391,-0.84002,0.45063,-0.9087,0.26486,0.34917,-0.67649,-0.67218,-0.52036,0.63638,0.57964,0.93456,0.86055,0.81036,0.44709,0.39799,-0.14645,-0.14334,0.31246,-0.3696,-0.8536,-0.9724,-0.60495,-0.52456,-0.87876,-0.76372,0.0069308,0.4492,0.69643,0.23275,0.035064,-0.1479,-0.71793,-0.42511,-0.48301,0.37507,-0.79402,-0.95189,-0.80862,0.66166,0.050444,0.0019823,0.77351,0.90314,0.63977,-0.22398,0.66693,0.83544,-0.51945,-0.93356,0.72339,0.90037,0.87263,0.22396,0.14205,0.24557,-0.40282,-0.91749,0.064246,0.3432,-0.020282,0.95361,1,0.61028,0.020589,0.3295,-0.57865,-0.25269
0.018591,-0.81465,-0.77781,-0.71502,-0.07114,-0.46328,-0.63431,-0.61269,-0.61502,0.50381,0.5927,0.72557,0.055637,0.35381,0.24689,-0.51251,0.34184,-0.59827,0.093333,-0.49063,-0.59355,0.43574,0.3194,-0.33,-0.0050193,0.82073,0.65692,0.48406,-0.40476,0.68599,0.60966,0.12895,-0.30139,-0.28967,0.86311,-0.82721,-0.18653,-0.0041822,-0.3337,-0.46361,-0.44484,0.85946,0.95402,0.47104,0.76386,0.7042,0.62948,0.50591,-0.48003,-0.26442,-0.10962,-0.52467,-0.8212,-0.6476,-0.52001,-0.39761,-0.65066,-0.70291,-0.30768,-0.019044,0.3183,0.57211,0.4944,0.25146,-0.4153,0.20339,-0.4567,-0.44334,-0.61539,-0.572,-0.39325,0.77512,0.39541,-0.11253,0.13614,0.28414,0.37671,0.16984,0.91973,0.32435,-0.6438,-0.59489,0.92007,0.56742,0.5616,0.30835,0.76589,0.61932,-0.024929,-0.72234,-0.52445,-0.089319,-0.40011,0.67875,0.61028,1,0.47518,0.56819,0.18143,-0.40859
-0.24256,-0.4064,-0.64888,-0.34324,-0.2082,-0.82049,0.10322,-0.13512,-0.38787,0.17181,0.10598,0.61066,-0.45522,0.13324,-0.030002,0.19745,0.31477,-0.063969,0.7358,-0.64352,-0.18102,0.94448,0.75521,-0.052067,-0.57874,0.62243,0.26322,-0.035741,-0.16777,0.338,-0.073024,0.1427,0.14301,0.20876,0.41922,-0.18695,-0.8128,0.2066,0.29793,-0.11797,0.081337,0.53831,0.37522,0.17714,0.43597,0.27357,0.83343,0.85327,-0.78772,0.33025,0.17681,-0.0076058,-0.48687,-0.026361,0.13036,0.17398,-0.22066,-0.020154,-0.72537,-0.80779,-0.087141,0.27579,0.51994,0.056728,-0.12699,0.028983,-0.51412,-0.38495,-0.34473,0.013172,0.33788,0.3383,0.63407,-0.38641,-0.2406,-0.19116,0.34882,-0.35955,0.49063,0.097313,0.11282,-0.27124,0.48599,0.20719,0.10301,0.85976,0.81018,0.76094,0.50215,-0.23066,-0.78041,-0.58558,-0.88068,0.056987,0.020589,0.47518,1,0.85154,0.61758,-0.10506
-0.10589,-0.71378,-0.89146,-0.5404,0.090658,-0.62495,-0.30878,-0.50165,-0.49436,0.25788,0.29597,0.6002,-0.42305,0.31789,0.20208,-0.18266,0.18671,-0.40337,0.65103,-0.85723,-0.56811,0.89562,0.90407,-0.35329,-0.40617,0.80585,0.37684,0.26768,0.05618,0.6116,0.21272,0.19393,-0.083623,-0.10129,0.36575,-0.45648,-0.71793,0.095964,0.22356,-0.52159,-0.38694,0.80936,0.49875,0.45361,0.65619,0.44935,0.98387,0.94226,-0.78842,0.49397,0.052521,-0.37528,-0.65942,-0.38822,-0.21417,-0.1453,-0.47898,-0.43105,-0.83967,-0.65913,0.12654,0.56829,0.74202,0.31087,-0.5382,0.070065,-0.36584,-0.21572,-0.69747,-0.33688,0.04547,0.57421,0.86391,0.023794,0.15804,0.028454,0.25651,-0.30913,0.73636,0.25519,0.088808,-0.57832,0.68914,0.34616,0.20329,0.9304,0.76911,0.79237,0.026865,-0.3848,-0.84377,-0.63766,-0.92371,0.30184,0.3295,0.56819,0.85154,1,0.42115,-0.51062
-0.89273,0.13482,-0.38373,0.27849,0.1694,-0.26122,0.45389,0.38225,0.35808,0.58123,0.37222,0.15688,0.26337,0.56716,0.4004,0.15799,-0.36876,0.53391,0.85123,-0.30324,-0.052186,0.38396,0.62107,-0.39197,-0.92111,0.06362,-0.43997,-0.497,-0.63228,0.19166,-0.57567,-0.59357,-0.20979,0.77032,0.24453,0.30709,-0.64848,-0.35985,0.69484,0.2933,0.12011,0.18495,0.20741,-0.56905,-0.16613,-0.32815,0.30674,0.26506,-0.38464,0.31448,-0.42386,-0.11341,0.17267,0.47049,0.26578,0.28838,0.3271,0.21826,-0.50494,-0.76064,-0.63732,0.29486,0.58619,0.45982,0.35533,0.65199,0.10601,-0.82634,0.24795,0.58065,0.74285,-0.062968,0.57337,0.046145,-0.72046,-0.81796,-0.40234,0.23407,0.16342,-0.62203,0.30777,0.4096,0.11257,-0.52815,-0.56586,0.33402,0.65284,0.35964,0.41,0.43072,-0.76709,-0.66341,-0.58531,-0.45828,-0.57865,0.18143,0.61758,0.42115,1,-0.19913
0.26936,0.57617,0.75689,0.17669,-0.8022,-0.27102,0.55363,0.41316,-0.019074,-0.67652,-0.77091,-0.29169,-0.31318,-0.80977,-0.82006,0.71721,0.51129,0.36388,-0.27309,0.74178,0.91795,-0.13959,-0.60795,0.92439,0.23997,-0.50958,-0.0029753,-0.4774,-0.032262,-0.801,-0.2075,0.33699,0.73876,0.21997,-0.109,0.38077,0.27847,0.555,-0.14349,0.73611,0.93063,-0.6703,-0.42648,-0.20789,-0.30127,-0.27148,-0.4748,-0.29333,0.39562,-0.2526,0.60696,0.88388,0.24967,0.40955,0.65958,0.59748,0.23233,0.76942,0.60957,0.18573,-0.23372,-0.89912,-0.81643,-0.85456,0.66496,-0.57543,-0.42543,0.17588,0.63275,0.39495,0.23243,-0.58509,-0.76893,-0.74716,-0.36152,0.076863,0.4052,-0.39299,-0.62994,0.1397,0.11793,0.29398,-0.48772,0.0084407,0.080864,-0.262,-0.35833,-0.42929,0.71949,0.089798,0.62377,0.59413,0.47622,-0.19186,-0.25269,-0.40859,-0.10506,-0.51062,-0.19913,1
